target,accession--target,query,accession--query,E-value,score,bias,E-value--best-domain,score--best-domain,bias--best-domain,exp,reg,clu,ov,env,dom,rep,inc,description
YP_009226209.1,-,phage-family-interpro-v4,-,0,1030.3,0.0,0,1030.1,0.0,1.0,1,0,0,1,1,1,1,-
YP_009791749.1,-,phage-family-interpro-v4,-,0,1028.3,0.0,0,1028.2,0.0,1.0,1,0,0,1,1,1,1,-
YP_009289300.1,-,phage-family-interpro-v4,-,0,1027.7,0.0,0,1027.5,0.0,1.0,1,0,0,1,1,1,1,-
YP_009786924.1,-,phage-family-interpro-v4,-,0,1027.6,0.0,0,1027.4,0.0,1.0,1,0,0,1,1,1,1,-
YP_009791703.1,-,phage-family-interpro-v4,-,0,1026.7,0.0,0,1026.5,0.0,1.0,1,0,0,1,1,1,1,-
YP_009286631.1,-,phage-family-interpro-v4,-,0,1026.4,0.0,0,1026.3,0.0,1.0,1,0,0,1,1,1,1,-
NP_523301.1,-,phage-family-interpro-v4,-,0,1026.3,0.0,0,1026.1,0.0,1.0,1,0,0,1,1,1,1,-
YP_009792932.1,-,phage-family-interpro-v4,-,0,1026.3,0.0,0,1026.1,0.0,1.0,1,0,0,1,1,1,1,-
YP_009793074.1,-,phage-family-interpro-v4,-,0,1026.3,0.0,0,1026.1,0.0,1.0,1,0,0,1,1,1,1,-
YP_009812318.1,-,phage-family-interpro-v4,-,0,1026.0,0.0,0,1025.9,0.0,1.0,1,0,0,1,1,1,1,-
YP_009205657.1,-,phage-family-interpro-v4,-,0,1025.1,0.0,0,1025.0,0.0,1.0,1,0,0,1,1,1,1,-
YP_001949750.1,-,phage-family-interpro-v4,-,0,1024.9,0.0,0,1024.7,0.0,1.0,1,0,0,1,1,1,1,-
YP_009786128.1,-,phage-family-interpro-v4,-,0,1024.9,0.0,0,1024.7,0.0,1.0,1,0,0,1,1,1,1,-
YP_009785350.1,-,phage-family-interpro-v4,-,0,1024.2,0.0,0,1024.0,0.0,1.0,1,0,0,1,1,1,1,-
YP_009102800.1,-,phage-family-interpro-v4,-,0,1024.1,0.0,0,1024.0,0.0,1.0,1,0,0,1,1,1,1,-
NP_052071.1,-,phage-family-interpro-v4,-,0,1023.4,0.0,0,1023.3,0.0,1.0,1,0,0,1,1,1,1,-
NP_041960.1,-,phage-family-interpro-v4,-,0,1022.5,0.0,0,1022.4,0.0,1.0,1,0,0,1,1,1,1,-
YP_009617200.1,-,phage-family-interpro-v4,-,0,1022.5,0.0,0,1022.4,0.0,1.0,1,0,0,1,1,1,1,-
YP_009813771.1,-,phage-family-interpro-v4,-,0,1015.0,0.0,0,1014.8,0.0,1.0,1,0,0,1,1,1,1,-
YP_009813815.1,-,phage-family-interpro-v4,-,0,1015.0,0.0,0,1014.8,0.0,1.0,1,0,0,1,1,1,1,-
YP_002003793.1,-,phage-family-interpro-v4,-,0,1014.4,0.2,0,1014.3,0.2,1.0,1,0,0,1,1,1,1,-
YP_009801311.1,-,phage-family-interpro-v4,-,0,1014.2,0.2,0,1014.0,0.2,1.0,1,0,0,1,1,1,1,-
YP_002003938.1,-,phage-family-interpro-v4,-,0,1014.1,0.0,0,1014.0,0.0,1.0,1,0,0,1,1,1,1,-
YP_009806214.1,-,phage-family-interpro-v4,-,0,1014.1,0.1,0,1013.9,0.1,1.0,1,0,0,1,1,1,1,-
YP_009798010.1,-,phage-family-interpro-v4,-,0,1014.1,0.0,0,1013.8,0.0,1.0,1,0,0,1,1,1,1,-
YP_009817966.1,-,phage-family-interpro-v4,-,0,1014.0,0.1,0,1013.8,0.1,1.0,1,0,0,1,1,1,1,-
YP_009818007.1,-,phage-family-interpro-v4,-,0,1013.9,0.1,0,1013.7,0.1,1.0,1,0,0,1,1,1,1,-
YP_009820203.1,-,phage-family-interpro-v4,-,0,1013.7,0.0,0,1013.4,0.0,1.0,1,0,0,1,1,1,1,-
YP_009786749.1,-,phage-family-interpro-v4,-,0,1013.7,0.1,0,1013.4,0.1,1.0,1,0,0,1,1,1,1,-
YP_009788562.1,-,phage-family-interpro-v4,-,0,1013.6,0.1,0,1013.5,0.1,1.0,1,0,0,1,1,1,1,-
NP_848264.1,-,phage-family-interpro-v4,-,0,1013.3,0.0,0,1013.1,0.0,1.0,1,0,0,1,1,1,1,-
YP_009788603.1,-,phage-family-interpro-v4,-,0,1013.0,0.1,0,1012.9,0.1,1.0,1,0,0,1,1,1,1,-
YP_009820155.1,-,phage-family-interpro-v4,-,0,1012.8,0.0,0,1012.7,0.0,1.0,1,0,0,1,1,1,1,-
YP_009799279.1,-,phage-family-interpro-v4,-,0,1011.9,0.0,0,1011.6,0.0,1.0,1,0,0,1,1,1,1,-
YP_009785863.1,-,phage-family-interpro-v4,-,0,1011.7,0.2,0,1011.6,0.2,1.0,1,0,0,1,1,1,1,-
YP_009190959.1,-,phage-family-interpro-v4,-,0,1011.7,0.2,1.1e-302,1011.5,0.2,1.0,1,0,0,1,1,1,1,-
YP_009804754.1,-,phage-family-interpro-v4,-,0,1011.7,0.0,1.1e-302,1011.5,0.0,1.0,1,0,0,1,1,1,1,-
YP_009291482.1,-,phage-family-interpro-v4,-,0,1011.6,0.0,1.2e-302,1011.4,0.0,1.0,1,0,0,1,1,1,1,-
YP_004678728.1,-,phage-family-interpro-v4,-,1.1e-302,1011.5,0.1,1.2e-302,1011.4,0.1,1.0,1,0,0,1,1,1,1,-
YP_009152465.1,-,phage-family-interpro-v4,-,1.1e-302,1011.5,0.0,1.3e-302,1011.3,0.0,1.0,1,0,0,1,1,1,1,-
YP_009791659.1,-,phage-family-interpro-v4,-,1.2e-302,1011.5,0.1,1.3e-302,1011.3,0.1,1.0,1,0,0,1,1,1,1,-
YP_009801352.1,-,phage-family-interpro-v4,-,1.2e-302,1011.4,0.1,1.3e-302,1011.2,0.1,1.0,1,0,0,1,1,1,1,-
YP_009795804.1,-,phage-family-interpro-v4,-,1.2e-302,1011.3,0.0,1.5e-302,1011.1,0.0,1.0,1,0,0,1,1,1,1,-
YP_009786850.1,-,phage-family-interpro-v4,-,1.3e-302,1011.3,0.1,1.4e-302,1011.1,0.1,1.0,1,0,0,1,1,1,1,-
YP_009786799.1,-,phage-family-interpro-v4,-,1.4e-302,1011.1,0.0,1.6e-302,1011.0,0.0,1.0,1,0,0,1,1,1,1,-
YP_009215460.1,-,phage-family-interpro-v4,-,1.5e-302,1011.1,0.0,1.6e-302,1011.0,0.0,1.0,1,0,0,1,1,1,1,-
YP_003347522.1,-,phage-family-interpro-v4,-,2.2e-302,1010.5,0.1,2.5e-302,1010.3,0.1,1.0,1,0,0,1,1,1,1,-
YP_009821344.1,-,phage-family-interpro-v4,-,2.3e-302,1010.5,0.1,2.6e-302,1010.3,0.1,1.0,1,0,0,1,1,1,1,-
YP_009787400.1,-,phage-family-interpro-v4,-,3e-302,1010.1,0.1,3.4e-302,1009.9,0.1,1.0,1,0,0,1,1,1,1,-
YP_009801395.1,-,phage-family-interpro-v4,-,3.8e-302,1009.7,0.1,4.3e-302,1009.6,0.1,1.0,1,0,0,1,1,1,1,-
YP_009816995.1,-,phage-family-interpro-v4,-,5.6e-302,1009.2,0.1,6.3e-302,1009.0,0.1,1.0,1,0,0,1,1,1,1,-
YP_009796979.1,-,phage-family-interpro-v4,-,1e-301,1008.3,0.0,1.2e-301,1008.1,0.0,1.0,1,0,0,1,1,1,1,-
YP_009801442.1,-,phage-family-interpro-v4,-,1.4e-301,1007.8,0.1,1.6e-301,1007.7,0.1,1.0,1,0,0,1,1,1,1,-
YP_009814072.1,-,phage-family-interpro-v4,-,1.7e-301,1007.6,0.0,1.9e-301,1007.5,0.0,1.0,1,0,0,1,1,1,1,-
YP_009198634.1,-,phage-family-interpro-v4,-,2.1e-301,1007.3,0.1,2.4e-301,1007.1,0.1,1.0,1,0,0,1,1,1,1,-
YP_009966334.1,-,phage-family-interpro-v4,-,2.5e-301,1007.0,0.1,2.8e-301,1006.9,0.1,1.0,1,0,0,1,1,1,1,-
YP_009817987.1,-,phage-family-interpro-v4,-,1.1e-300,1004.9,0.1,1.2e-300,1004.8,0.1,1.0,1,0,0,1,1,1,1,-
YP_009787509.1,-,phage-family-interpro-v4,-,1.5e-300,1004.4,0.0,1.7e-300,1004.3,0.0,1.0,1,0,0,1,1,1,1,-
YP_009787454.1,-,phage-family-interpro-v4,-,6.5e-297,992.4,0.1,7.3e-297,992.3,0.1,1.0,1,0,0,1,1,1,1,-
YP_009799383.1,-,phage-family-interpro-v4,-,3.1e-296,990.1,0.0,3.8e-296,989.9,0.0,1.0,1,0,0,1,1,1,1,-
YP_006990207.1,-,phage-family-interpro-v4,-,4.9e-296,989.5,0.0,6e-296,989.2,0.0,1.0,1,0,0,1,1,1,1,-
YP_004306655.1,-,phage-family-interpro-v4,-,1.8e-294,984.3,0.0,2e-294,984.2,0.0,1.0,1,0,0,1,1,1,1,-
YP_009196345.1,-,phage-family-interpro-v4,-,6.1e-287,959.4,0.0,7.3e-287,959.1,0.0,1.0,1,0,0,1,1,1,1,-
YP_009821832.1,-,phage-family-interpro-v4,-,6.3e-286,956.0,0.0,7e-286,955.9,0.0,1.0,1,0,0,1,1,1,1,-
YP_009303654.1,-,phage-family-interpro-v4,-,8.4e-286,955.6,0.0,9.4e-286,955.5,0.0,1.0,1,0,0,1,1,1,1,-
YP_009816597.1,-,phage-family-interpro-v4,-,8.5e-286,955.6,0.0,9.5e-286,955.5,0.0,1.0,1,0,0,1,1,1,1,-
YP_008766719.1,-,phage-family-interpro-v4,-,2.6e-285,954.0,0.0,2.9e-285,953.9,0.0,1.0,1,0,0,1,1,1,1,-
YP_004300538.1,-,phage-family-interpro-v4,-,2.7e-285,953.9,0.0,3.1e-285,953.8,0.0,1.0,1,0,0,1,1,1,1,-
YP_009816354.1,-,phage-family-interpro-v4,-,3e-285,953.8,0.0,3.3e-285,953.7,0.0,1.0,1,0,0,1,1,1,1,-
YP_002003454.1,-,phage-family-interpro-v4,-,3.2e-285,953.7,0.0,3.5e-285,953.6,0.0,1.0,1,0,0,1,1,1,1,-
YP_009811069.1,-,phage-family-interpro-v4,-,6.5e-285,952.7,0.0,7.3e-285,952.5,0.0,1.0,1,0,0,1,1,1,1,-
YP_009200619.1,-,phage-family-interpro-v4,-,1e-284,952.0,0.0,1.1e-284,951.9,0.0,1.0,1,0,0,1,1,1,1,-
YP_009204331.1,-,phage-family-interpro-v4,-,3.3e-284,950.4,0.1,3.6e-284,950.2,0.1,1.0,1,0,0,1,1,1,1,-
YP_009801113.1,-,phage-family-interpro-v4,-,3.3e-284,950.4,0.0,3.6e-284,950.2,0.0,1.0,1,0,0,1,1,1,1,-
YP_002308386.1,-,phage-family-interpro-v4,-,3.6e-284,950.2,0.0,4e-284,950.1,0.0,1.0,1,0,0,1,1,1,1,-
YP_009187276.1,-,phage-family-interpro-v4,-,4.9e-284,949.8,0.0,5.5e-284,949.6,0.0,1.0,1,0,0,1,1,1,1,-
YP_002003315.1,-,phage-family-interpro-v4,-,1.6e-283,948.1,0.0,1.8e-283,947.9,0.0,1.0,1,0,0,1,1,1,1,-
YP_009799083.1,-,phage-family-interpro-v4,-,3.6e-283,946.9,0.0,4e-283,946.8,0.0,1.0,1,0,0,1,1,1,1,-
YP_009014824.1,-,phage-family-interpro-v4,-,5.1e-283,946.4,0.0,5.7e-283,946.3,0.0,1.0,1,0,0,1,1,1,1,-
YP_918986.1,-,phage-family-interpro-v4,-,5.1e-283,946.4,0.0,5.7e-283,946.3,0.0,1.0,1,0,0,1,1,1,1,-
YP_009799030.1,-,phage-family-interpro-v4,-,6.6e-283,946.1,0.0,7.7e-283,945.8,0.0,1.0,1,0,0,1,1,1,1,-
YP_009787925.1,-,phage-family-interpro-v4,-,1e-282,945.4,0.0,1.2e-282,945.2,0.0,1.0,1,0,0,1,1,1,1,-
YP_009802461.1,-,phage-family-interpro-v4,-,2.4e-282,944.2,0.0,2.7e-282,944.0,0.0,1.0,1,0,0,1,1,1,1,-
YP_009799130.1,-,phage-family-interpro-v4,-,4.5e-282,943.3,0.0,5.5e-282,943.0,0.0,1.0,1,0,0,1,1,1,1,-
YP_009799182.1,-,phage-family-interpro-v4,-,6.7e-282,942.7,0.0,8.1e-282,942.4,0.0,1.0,1,0,0,1,1,1,1,-
YP_003324580.1,-,phage-family-interpro-v4,-,1.9e-279,934.6,0.1,2.2e-279,934.4,0.1,1.0,1,0,0,1,1,1,1,-
YP_009291533.1,-,phage-family-interpro-v4,-,1.2e-277,928.6,0.0,1.5e-277,928.3,0.0,1.0,1,0,0,1,1,1,1,-
YP_007005430.1,-,phage-family-interpro-v4,-,1.3e-274,918.6,0.0,1.5e-274,918.3,0.0,1.0,1,0,0,1,1,1,1,-
YP_009788511.1,-,phage-family-interpro-v4,-,7.1e-272,909.5,0.0,8.4e-272,909.3,0.0,1.0,1,0,0,1,1,1,1,-
YP_009788703.1,-,phage-family-interpro-v4,-,7.1e-272,909.5,0.0,8.4e-272,909.3,0.0,1.0,1,0,0,1,1,1,1,-
YP_009804634.1,-,phage-family-interpro-v4,-,1.8e-271,908.2,0.0,2.1e-271,908.0,0.0,1.0,1,0,0,1,1,1,1,-
YP_009789866.1,-,phage-family-interpro-v4,-,1.2e-270,905.4,0.0,1.4e-270,905.2,0.0,1.0,1,0,0,1,1,1,1,-
YP_004251249.1,-,phage-family-interpro-v4,-,4.3e-268,897.0,0.1,4.8e-268,896.8,0.1,1.0,1,0,0,1,1,1,1,-
YP_003347903.1,-,phage-family-interpro-v4,-,4.4e-268,897.0,0.1,4.9e-268,896.8,0.1,1.0,1,0,0,1,1,1,1,-
YP_249577.1,-,phage-family-interpro-v4,-,2.1e-267,894.8,0.2,2.3e-267,894.6,0.2,1.0,1,0,0,1,1,1,1,-
YP_009801068.1,-,phage-family-interpro-v4,-,5e-263,880.2,0.0,5.6e-263,880.1,0.0,1.0,1,0,0,1,1,1,1,-
YP_009795169.1,-,phage-family-interpro-v4,-,2.6e-260,871.2,0.0,3.2e-260,870.9,0.0,1.0,1,0,0,1,1,1,1,-
YP_009820040.1,-,phage-family-interpro-v4,-,1.7e-258,865.3,0.0,1.9e-258,865.1,0.0,1.0,1,0,0,1,1,1,1,-
YP_009007141.1,-,phage-family-interpro-v4,-,3.5e-258,864.2,0.0,4.4e-258,863.9,0.0,1.0,1,0,0,1,1,1,1,-
NP_853568.1,-,phage-family-interpro-v4,-,5.8e-258,863.5,0.2,6.5e-258,863.3,0.2,1.0,1,0,0,1,1,1,1,-
YP_009004165.1,-,phage-family-interpro-v4,-,7.8e-258,863.1,0.0,9.4e-258,862.8,0.0,1.0,1,0,0,1,1,1,1,-
YP_009324942.1,-,phage-family-interpro-v4,-,5.1e-257,860.4,0.0,6.2e-257,860.1,0.0,1.0,1,0,0,1,1,1,1,-
YP_009949131.1,-,phage-family-interpro-v4,-,7.2e-257,859.9,0.0,8.7e-257,859.6,0.0,1.0,1,0,0,1,1,1,1,-
YP_010064476.1,-,phage-family-interpro-v4,-,1.5e-256,858.8,0.0,1.7e-256,858.6,0.0,1.0,1,0,0,1,1,1,1,-
YP_009798528.1,-,phage-family-interpro-v4,-,1.7e-256,858.7,0.0,2e-256,858.4,0.0,1.0,1,0,0,1,1,1,1,-
YP_009787261.1,-,phage-family-interpro-v4,-,1.7e-256,858.6,0.0,2.1e-256,858.3,0.0,1.0,1,0,0,1,1,1,1,-
YP_009292472.1,-,phage-family-interpro-v4,-,1.9e-256,858.5,0.0,2.3e-256,858.2,0.0,1.0,1,0,0,1,1,1,1,-
YP_338094.1,-,phage-family-interpro-v4,-,2.5e-256,858.0,0.0,3.1e-256,857.7,0.0,1.0,1,0,0,1,1,1,1,-
YP_424916.1,-,phage-family-interpro-v4,-,2.5e-256,858.0,0.0,3.1e-256,857.7,0.0,1.0,1,0,0,1,1,1,1,-
YP_009807332.1,-,phage-family-interpro-v4,-,3e-256,857.8,0.0,3.7e-256,857.5,0.0,1.0,1,0,0,1,1,1,1,-
YP_009044255.1,-,phage-family-interpro-v4,-,4.2e-256,857.3,0.0,5.2e-256,857.0,0.0,1.0,1,0,0,1,1,1,1,-
YP_009789085.1,-,phage-family-interpro-v4,-,4.4e-256,857.3,0.0,5.4e-256,857.0,0.0,1.0,1,0,0,1,1,1,1,-
YP_007500985.1,-,phage-family-interpro-v4,-,4.8e-256,857.1,0.3,5.4e-256,857.0,0.3,1.0,1,0,0,1,1,1,1,-
YP_009279735.1,-,phage-family-interpro-v4,-,2.7e-255,854.7,0.0,3.3e-255,854.4,0.0,1.0,1,0,0,1,1,1,1,-
YP_009304427.1,-,phage-family-interpro-v4,-,3.1e-255,854.4,0.2,3.5e-255,854.3,0.2,1.0,1,0,0,1,1,1,1,-
YP_009790620.1,-,phage-family-interpro-v4,-,3.5e-255,854.3,0.0,4.3e-255,854.0,0.0,1.0,1,0,0,1,1,1,1,-
YP_009812839.1,-,phage-family-interpro-v4,-,3.6e-255,854.2,0.0,4.5e-255,853.9,0.0,1.0,1,0,0,1,1,1,1,-
YP_002003741.1,-,phage-family-interpro-v4,-,7.6e-255,853.2,0.0,9.4e-255,852.9,0.0,1.0,1,0,0,1,1,1,1,-
YP_009818258.1,-,phage-family-interpro-v4,-,8.1e-255,853.1,0.0,9.7e-255,852.8,0.0,1.0,1,0,0,1,1,1,1,-
YP_009005115.1,-,phage-family-interpro-v4,-,2e-254,851.7,0.0,2.5e-254,851.4,0.0,1.0,1,0,0,1,1,1,1,-
YP_004286187.1,-,phage-family-interpro-v4,-,1.5e-248,832.3,0.0,1.8e-248,832.0,0.0,1.0,1,0,0,1,1,1,1,-
YP_009811984.1,-,phage-family-interpro-v4,-,6.4e-248,830.2,0.0,7.7e-248,830.0,0.0,1.0,1,0,0,1,1,1,1,-
YP_009811874.1,-,phage-family-interpro-v4,-,2e-247,828.6,0.1,2.4e-247,828.3,0.1,1.0,1,0,0,1,1,1,1,-
YP_009784754.1,-,phage-family-interpro-v4,-,2.2e-247,828.4,0.0,2.7e-247,828.1,0.0,1.0,1,0,0,1,1,1,1,-
YP_009790494.1,-,phage-family-interpro-v4,-,2.2e-247,828.4,0.0,2.7e-247,828.1,0.0,1.0,1,0,0,1,1,1,1,-
YP_009802313.1,-,phage-family-interpro-v4,-,2.3e-247,828.4,0.0,2.7e-247,828.2,0.0,1.0,1,0,0,1,1,1,1,-
YP_009043235.1,-,phage-family-interpro-v4,-,2.5e-247,828.3,0.0,3e-247,828.0,0.0,1.0,1,0,0,1,1,1,1,-
YP_009790445.1,-,phage-family-interpro-v4,-,2.5e-247,828.3,0.0,3e-247,828.0,0.0,1.0,1,0,0,1,1,1,1,-
YP_008873136.1,-,phage-family-interpro-v4,-,3.1e-247,828.0,0.0,3.6e-247,827.7,0.0,1.0,1,0,0,1,1,1,1,-
NP_813747.1,-,phage-family-interpro-v4,-,7.6e-247,826.7,0.0,9.3e-247,826.4,0.0,1.0,1,0,0,1,1,1,1,-
YP_009800929.1,-,phage-family-interpro-v4,-,8.6e-247,826.5,0.1,1e-246,826.3,0.1,1.0,1,0,0,1,1,1,1,-
YP_009948703.1,-,phage-family-interpro-v4,-,2.1e-246,825.2,0.1,2.6e-246,824.9,0.1,1.0,1,0,0,1,1,1,1,-
YP_009793741.1,-,phage-family-interpro-v4,-,3.9e-246,824.3,0.1,4.8e-246,824.0,0.1,1.0,1,0,0,1,1,1,1,-
YP_009812036.1,-,phage-family-interpro-v4,-,4.2e-246,824.2,0.0,5e-246,824.0,0.0,1.0,1,0,0,1,1,1,1,-
YP_009797973.1,-,phage-family-interpro-v4,-,8.6e-245,819.9,0.0,1.1e-244,819.6,0.0,1.0,1,0,0,1,1,1,1,-
YP_009824178.1,-,phage-family-interpro-v4,-,5.1e-244,817.3,0.0,6e-244,817.1,0.0,1.0,1,0,0,1,1,1,1,-
YP_009803989.1,-,phage-family-interpro-v4,-,1.7e-243,815.6,0.0,2e-243,815.3,0.0,1.0,1,0,0,1,1,1,1,-
YP_009145605.1,-,phage-family-interpro-v4,-,3e-243,814.8,0.0,3.7e-243,814.5,0.0,1.0,1,0,0,1,1,1,1,-
YP_009187954.1,-,phage-family-interpro-v4,-,6.2e-243,813.7,0.0,7.3e-243,813.5,0.0,1.0,1,0,0,1,1,1,1,-
YP_007869887.1,-,phage-family-interpro-v4,-,7.8e-243,813.4,0.0,9.5e-243,813.1,0.0,1.0,1,0,0,1,1,1,1,-
YP_009793697.1,-,phage-family-interpro-v4,-,9.8e-243,813.1,0.0,1.2e-242,812.8,0.0,1.0,1,0,0,1,1,1,1,-
YP_004306321.1,-,phage-family-interpro-v4,-,5.7e-242,810.6,0.0,6.8e-242,810.3,0.0,1.0,1,0,0,1,1,1,1,-
NP_877465.1,-,phage-family-interpro-v4,-,6e-242,810.5,0.0,6.8e-242,810.3,0.0,1.0,1,0,0,1,1,1,1,-
YP_002117751.1,-,phage-family-interpro-v4,-,6e-242,810.5,0.0,6.8e-242,810.3,0.0,1.0,1,0,0,1,1,1,1,-
YP_006299950.1,-,phage-family-interpro-v4,-,6e-242,810.5,0.0,6.8e-242,810.3,0.0,1.0,1,0,0,1,1,1,1,-
YP_009792270.1,-,phage-family-interpro-v4,-,6e-242,810.5,0.0,6.8e-242,810.3,0.0,1.0,1,0,0,1,1,1,1,-
YP_009801197.1,-,phage-family-interpro-v4,-,1.2e-241,809.5,0.0,1.4e-241,809.2,0.0,1.0,1,0,0,1,1,1,1,-
YP_009596173.1,-,phage-family-interpro-v4,-,3.4e-241,808.0,0.0,3.8e-241,807.8,0.0,1.0,1,0,0,1,1,1,1,-
YP_009125729.1,-,phage-family-interpro-v4,-,1.4e-240,806.0,0.0,1.5e-240,805.8,0.0,1.0,1,0,0,1,1,1,1,-
YP_009812373.1,-,phage-family-interpro-v4,-,1.4e-239,802.6,0.0,1.6e-239,802.5,0.0,1.0,1,0,0,1,1,1,1,-
YP_009786417.1,-,phage-family-interpro-v4,-,5e-239,800.8,0.0,5.6e-239,800.6,0.0,1.0,1,0,0,1,1,1,1,-
YP_654105.1,-,phage-family-interpro-v4,-,6.8e-239,800.4,0.0,7.6e-239,800.2,0.0,1.0,1,0,0,1,1,1,1,-
YP_009788983.1,-,phage-family-interpro-v4,-,1.6e-238,799.1,0.1,1.8e-238,799.0,0.1,1.0,1,0,0,1,1,1,1,-
YP_002727849.1,-,phage-family-interpro-v4,-,1.7e-238,799.1,0.0,1.9e-238,798.9,0.0,1.0,1,0,0,1,1,1,1,-
YP_006987773.1,-,phage-family-interpro-v4,-,3e-238,798.2,0.0,3.3e-238,798.1,0.0,1.0,1,0,0,1,1,1,1,-
YP_009796073.1,-,phage-family-interpro-v4,-,3.4e-238,798.0,0.0,3.9e-238,797.9,0.0,1.0,1,0,0,1,1,1,1,-
YP_424976.1,-,phage-family-interpro-v4,-,8.8e-238,796.7,0.1,9.9e-238,796.5,0.1,1.0,1,0,0,1,1,1,1,-
YP_009795382.1,-,phage-family-interpro-v4,-,1.1e-237,796.4,0.1,1.2e-237,796.2,0.1,1.0,1,0,0,1,1,1,1,-
YP_009789070.1,-,phage-family-interpro-v4,-,3.2e-237,794.8,0.1,3.6e-237,794.7,0.1,1.0,1,0,0,1,1,1,1,-
YP_009799724.1,-,phage-family-interpro-v4,-,3.6e-237,794.6,0.0,4.4e-237,794.4,0.0,1.0,1,0,0,1,1,1,1,-
YP_009790780.1,-,phage-family-interpro-v4,-,4.1e-237,794.5,0.2,5e-237,794.2,0.2,1.0,1,0,0,1,1,1,1,-
YP_009804635.1,-,phage-family-interpro-v4,-,8.8e-237,793.4,0.0,9.9e-237,793.2,0.0,1.0,1,0,0,1,1,1,1,-
YP_001522818.1,-,phage-family-interpro-v4,-,2.2e-236,792.0,0.0,2.5e-236,791.9,0.0,1.0,1,0,0,1,1,1,1,-
YP_009795337.1,-,phage-family-interpro-v4,-,2.6e-236,791.8,0.0,3.1e-236,791.6,0.0,1.0,1,0,0,1,1,1,1,-
YP_009800420.1,-,phage-family-interpro-v4,-,9.2e-236,790.0,0.0,1e-235,789.8,0.0,1.0,1,0,0,1,1,1,1,-
YP_001285424.1,-,phage-family-interpro-v4,-,1.9e-235,789.0,0.0,2.1e-235,788.8,0.0,1.0,1,0,0,1,1,1,1,-
YP_009151832.1,-,phage-family-interpro-v4,-,1.9e-235,788.9,0.0,2.1e-235,788.8,0.0,1.0,1,0,0,1,1,1,1,-
YP_008431338.1,-,phage-family-interpro-v4,-,2.4e-235,788.6,0.0,2.6e-235,788.5,0.0,1.0,1,0,0,1,1,1,1,-
YP_008766794.1,-,phage-family-interpro-v4,-,2.6e-235,788.5,0.0,2.9e-235,788.3,0.0,1.0,1,0,0,1,1,1,1,-
YP_009209198.1,-,phage-family-interpro-v4,-,3.4e-235,788.1,2.1,3.8e-235,787.9,2.1,1.0,1,0,0,1,1,1,1,-
YP_009790791.1,-,phage-family-interpro-v4,-,3.5e-235,788.1,0.1,4.3e-235,787.8,0.1,1.0,1,0,0,1,1,1,1,-
YP_002117810.1,-,phage-family-interpro-v4,-,4e-235,787.9,0.0,4.5e-235,787.7,0.0,1.0,1,0,0,1,1,1,1,-
YP_009820470.1,-,phage-family-interpro-v4,-,4.6e-235,787.7,0.0,5.1e-235,787.5,0.0,1.0,1,0,0,1,1,1,1,-
YP_001671971.1,-,phage-family-interpro-v4,-,7.4e-235,787.0,0.0,8.3e-235,786.8,0.0,1.0,1,0,0,1,1,1,1,-
YP_009152636.1,-,phage-family-interpro-v4,-,8.6e-235,786.8,2.2,9.6e-235,786.6,2.2,1.0,1,0,0,1,1,1,1,-
YP_009801284.1,-,phage-family-interpro-v4,-,9.6e-235,786.6,0.0,1.1e-234,786.5,0.0,1.0,1,0,0,1,1,1,1,-
YP_009201887.1,-,phage-family-interpro-v4,-,1.2e-234,786.3,0.0,1.4e-234,786.1,0.0,1.0,1,0,0,1,1,1,1,-
YP_009152034.1,-,phage-family-interpro-v4,-,2.9e-234,785.0,2.2,3.2e-234,784.9,2.2,1.0,1,0,0,1,1,1,1,-
YP_009792416.1,-,phage-family-interpro-v4,-,4.1e-234,784.5,2.0,4.6e-234,784.4,2.0,1.0,1,0,0,1,1,1,1,-
YP_009800480.1,-,phage-family-interpro-v4,-,4.2e-234,784.5,0.0,4.7e-234,784.3,0.0,1.0,1,0,0,1,1,1,1,-
YP_009102754.1,-,phage-family-interpro-v4,-,3.1e-231,775.0,0.1,3.5e-231,774.8,0.1,1.0,1,0,0,1,1,1,1,-
YP_009017739.1,-,phage-family-interpro-v4,-,1.2e-230,773.0,0.0,1.5e-230,772.8,0.0,1.0,1,0,0,1,1,1,1,-
YP_009191807.1,-,phage-family-interpro-v4,-,4.9e-229,767.7,0.0,5.9e-229,767.5,0.0,1.0,1,0,0,1,1,1,1,-
YP_009783912.1,-,phage-family-interpro-v4,-,4.3e-223,748.0,0.0,5.4e-223,747.7,0.0,1.0,1,0,0,1,1,1,1,-
YP_009802375.1,-,phage-family-interpro-v4,-,1.4e-222,746.4,0.0,1.5e-222,746.2,0.0,1.0,1,0,0,1,1,1,1,-
YP_009791807.1,-,phage-family-interpro-v4,-,2e-221,742.5,0.0,2.3e-221,742.4,0.0,1.0,1,0,0,1,1,1,1,-
YP_009791864.1,-,phage-family-interpro-v4,-,3.4e-221,741.8,0.0,3.8e-221,741.6,0.0,1.0,1,0,0,1,1,1,1,-
YP_007010652.1,-,phage-family-interpro-v4,-,1.7e-220,739.5,0.0,1.9e-220,739.3,0.0,1.0,1,0,0,1,1,1,1,-
YP_009788822.1,-,phage-family-interpro-v4,-,1.2e-216,726.7,0.6,5.9e-216,724.4,0.6,1.8,1,1,0,1,1,1,1,-
YP_009110717.1,-,phage-family-interpro-v4,-,6.6e-216,724.3,0.9,3.3e-215,721.9,0.9,1.8,1,1,0,1,1,1,1,-
YP_009100065.1,-,phage-family-interpro-v4,-,2.5e-214,719.1,0.0,2.8e-214,718.9,0.0,1.0,1,0,0,1,1,1,1,-
YP_009167685.1,-,phage-family-interpro-v4,-,7.6e-214,717.4,0.0,8.5e-214,717.3,0.0,1.0,1,0,0,1,1,1,1,-
YP_009146377.1,-,phage-family-interpro-v4,-,1.2e-212,713.5,0.1,1.4e-212,713.3,0.1,1.0,1,0,0,1,1,1,1,-
YP_009788760.1,-,phage-family-interpro-v4,-,1.6e-211,709.8,0.0,1.9e-211,709.5,0.0,1.0,1,0,0,1,1,1,1,-
YP_010064547.1,-,phage-family-interpro-v4,-,4.2e-211,708.4,0.0,4.7e-211,708.2,0.0,1.0,1,0,0,1,1,1,1,-
YP_009817567.1,-,phage-family-interpro-v4,-,4.6e-211,708.2,0.0,5.5e-211,708.0,0.0,1.0,1,0,0,1,1,1,1,-
YP_009821317.1,-,phage-family-interpro-v4,-,2e-210,706.1,0.0,2.5e-210,705.8,0.0,1.0,1,0,0,1,1,1,1,-
YP_009225265.1,-,phage-family-interpro-v4,-,2.3e-210,705.9,0.0,2.8e-210,705.6,0.0,1.0,1,0,0,1,1,1,1,-
YP_009796673.1,-,phage-family-interpro-v4,-,5.2e-209,701.4,0.3,1.8e-207,696.3,0.3,2.0,1,1,0,1,1,1,1,-
YP_008858902.1,-,phage-family-interpro-v4,-,1.1e-208,700.4,0.0,1.2e-208,700.3,0.0,1.0,1,0,0,1,1,1,1,-
YP_009789761.1,-,phage-family-interpro-v4,-,1.9e-208,699.6,0.0,2.3e-208,699.3,0.0,1.0,1,0,0,1,1,1,1,-
YP_007517819.1,-,phage-family-interpro-v4,-,1.3e-207,696.9,4.6,1.4e-207,696.7,4.6,1.0,1,0,0,1,1,1,1,-
YP_009800557.1,-,phage-family-interpro-v4,-,1.3e-207,696.8,0.0,1.5e-207,696.6,0.0,1.0,1,0,0,1,1,1,1,-
YP_009798651.1,-,phage-family-interpro-v4,-,7.3e-207,694.3,0.0,8.2e-207,694.2,0.0,1.0,1,0,0,1,1,1,1,-
YP_009792642.1,-,phage-family-interpro-v4,-,1.2e-206,693.7,0.0,1.4e-206,693.4,0.0,1.0,1,0,0,1,1,1,1,-
YP_001039639.1,-,phage-family-interpro-v4,-,3.2e-206,692.2,0.0,3.6e-206,692.0,0.0,1.0,1,0,0,1,1,1,1,-
YP_007237531.1,-,phage-family-interpro-v4,-,3.2e-206,692.2,0.0,3.6e-206,692.0,0.0,1.0,1,0,0,1,1,1,1,-
YP_009599014.1,-,phage-family-interpro-v4,-,4e-206,691.9,0.0,4.7e-206,691.6,0.0,1.0,1,0,0,1,1,1,1,-
YP_009797617.1,-,phage-family-interpro-v4,-,1.5e-205,689.9,0.0,1.7e-205,689.8,0.0,1.0,1,0,0,1,1,1,1,-
YP_009792387.1,-,phage-family-interpro-v4,-,3.4e-205,688.8,0.0,4.2e-205,688.5,0.0,1.0,1,0,0,1,1,1,1,-
YP_009784288.1,-,phage-family-interpro-v4,-,4.2e-205,688.5,0.0,4.7e-205,688.3,0.0,1.0,1,0,0,1,1,1,1,-
YP_009787592.1,-,phage-family-interpro-v4,-,8.4e-205,687.5,0.0,1e-204,687.2,0.0,1.0,1,0,0,1,1,1,1,-
YP_009777731.1,-,phage-family-interpro-v4,-,1.4e-204,686.7,6.1,1.6e-204,686.6,6.1,1.0,1,0,0,1,1,1,1,-
YP_009798608.1,-,phage-family-interpro-v4,-,1.4e-203,683.4,0.0,1.8e-203,683.1,0.0,1.0,1,0,0,1,1,1,1,-
YP_009800648.1,-,phage-family-interpro-v4,-,1.6e-203,683.3,0.0,1.8e-203,683.1,0.0,1.0,1,0,0,1,1,1,1,-
YP_008859413.1,-,phage-family-interpro-v4,-,1.8e-203,683.1,0.1,2.3e-203,682.8,0.1,1.0,1,0,0,1,1,1,1,-
YP_009026413.1,-,phage-family-interpro-v4,-,1.9e-203,683.1,0.0,2.3e-203,682.8,0.0,1.0,1,0,0,1,1,1,1,-
YP_009188776.1,-,phage-family-interpro-v4,-,2.4e-203,682.7,0.0,3e-203,682.4,0.0,1.0,1,0,0,1,1,1,1,-
YP_009789273.1,-,phage-family-interpro-v4,-,2.5e-203,682.7,0.0,3e-203,682.4,0.0,1.0,1,0,0,1,1,1,1,-
YP_009302737.1,-,phage-family-interpro-v4,-,7.7e-203,681.0,0.0,9.4e-203,680.7,0.0,1.0,1,0,0,1,1,1,1,-
YP_009821011.1,-,phage-family-interpro-v4,-,9.3e-203,680.7,0.0,1.1e-202,680.4,0.0,1.0,1,0,0,1,1,1,1,-
YP_009792078.1,-,phage-family-interpro-v4,-,1.1e-202,680.5,0.0,1.4e-202,680.2,0.0,1.0,1,0,0,1,1,1,1,-
YP_002213715.1,-,phage-family-interpro-v4,-,1.2e-202,680.4,0.0,1.3e-202,680.3,0.0,1.0,1,0,0,1,1,1,1,-
YP_009807878.1,-,phage-family-interpro-v4,-,1.9e-202,679.7,0.0,2.1e-202,679.6,0.0,1.0,1,0,0,1,1,1,1,-
YP_009199916.1,-,phage-family-interpro-v4,-,2.1e-202,679.6,0.0,2.6e-202,679.3,0.0,1.0,1,0,0,1,1,1,1,-
YP_009787876.1,-,phage-family-interpro-v4,-,2.1e-202,679.6,0.0,2.6e-202,679.3,0.0,1.0,1,0,0,1,1,1,1,-
YP_009784832.1,-,phage-family-interpro-v4,-,3.1e-202,679.0,0.0,3.8e-202,678.7,0.0,1.0,1,0,0,1,1,1,1,-
YP_009786390.1,-,phage-family-interpro-v4,-,3.3e-202,678.9,0.0,3.7e-202,678.8,0.0,1.0,1,0,0,1,1,1,1,-
YP_009799478.1,-,phage-family-interpro-v4,-,5.1e-202,678.3,0.0,6.3e-202,678.0,0.0,1.0,1,0,0,1,1,1,1,-
YP_009800602.1,-,phage-family-interpro-v4,-,5.8e-202,678.1,0.0,6.6e-202,677.9,0.0,1.0,1,0,0,1,1,1,1,-
YP_009188347.1,-,phage-family-interpro-v4,-,2e-201,676.3,0.0,2.5e-201,676.0,0.0,1.0,1,0,0,1,1,1,1,-
YP_009784728.1,-,phage-family-interpro-v4,-,4.5e-201,675.2,0.0,1.5e-200,673.5,0.0,1.7,1,1,0,1,1,1,1,-
YP_009204823.1,-,phage-family-interpro-v4,-,5.7e-201,674.8,0.0,7.1e-201,674.5,0.0,1.0,1,0,0,1,1,1,1,-
YP_009787376.1,-,phage-family-interpro-v4,-,1.5e-200,673.4,0.0,1.8e-200,673.1,0.0,1.0,1,0,0,1,1,1,1,-
YP_009098368.1,-,phage-family-interpro-v4,-,4.2e-200,671.9,0.0,5.2e-200,671.6,0.0,1.0,1,0,0,1,1,1,1,-
YP_009280700.1,-,phage-family-interpro-v4,-,4.3e-200,671.9,0.0,5.2e-200,671.6,0.0,1.0,1,0,0,1,1,1,1,-
YP_009788878.1,-,phage-family-interpro-v4,-,8.5e-200,670.9,0.0,9.5e-200,670.8,0.0,1.0,1,0,0,1,1,1,1,-
YP_009800510.1,-,phage-family-interpro-v4,-,1.3e-199,670.3,0.0,1.5e-199,670.1,0.0,1.0,1,0,0,1,1,1,1,-
YP_003347629.1,-,phage-family-interpro-v4,-,1.7e-199,669.9,0.0,2.1e-199,669.6,0.0,1.0,1,0,0,1,1,1,1,-
YP_007002889.1,-,phage-family-interpro-v4,-,3.2e-199,669.0,0.0,3.8e-199,668.8,0.0,1.0,1,0,0,1,1,1,1,-
YP_009793159.1,-,phage-family-interpro-v4,-,3.2e-199,669.0,0.0,3.6e-199,668.9,0.0,1.0,1,0,0,1,1,1,1,-
YP_009811780.1,-,phage-family-interpro-v4,-,3.2e-199,669.0,0.0,3.6e-199,668.9,0.0,1.0,1,0,0,1,1,1,1,-
YP_009793220.1,-,phage-family-interpro-v4,-,5.1e-199,668.4,0.0,5.7e-199,668.2,0.0,1.0,1,0,0,1,1,1,1,-
YP_009793274.1,-,phage-family-interpro-v4,-,5.1e-199,668.4,0.0,5.7e-199,668.2,0.0,1.0,1,0,0,1,1,1,1,-
YP_009795757.1,-,phage-family-interpro-v4,-,3.8e-198,665.5,0.0,4.2e-198,665.3,0.0,1.0,1,0,0,1,1,1,1,-
YP_009218117.1,-,phage-family-interpro-v4,-,1.9e-197,663.2,0.0,2.1e-197,663.0,0.0,1.0,1,0,0,1,1,1,1,-
YP_009778138.1,-,phage-family-interpro-v4,-,2.9e-197,662.6,6.3,3.5e-197,662.3,6.3,1.0,1,0,0,1,1,1,1,-
YP_007238103.1,-,phage-family-interpro-v4,-,6.9e-197,661.3,0.0,8.2e-197,661.1,0.0,1.0,1,0,0,1,1,1,1,-
YP_009216563.1,-,phage-family-interpro-v4,-,1.1e-196,660.6,0.0,1.3e-196,660.4,0.0,1.0,1,0,0,1,1,1,1,-
YP_009791553.1,-,phage-family-interpro-v4,-,1.3e-196,660.4,0.0,1.6e-196,660.1,0.0,1.0,1,0,0,1,1,1,1,-
YP_009276314.1,-,phage-family-interpro-v4,-,1.7e-195,656.7,0.0,2.1e-195,656.4,0.0,1.0,1,0,0,1,1,1,1,-
YP_009785934.1,-,phage-family-interpro-v4,-,1.2e-194,653.9,0.0,1.5e-194,653.6,0.0,1.0,1,0,0,1,1,1,1,-
YP_009279548.1,-,phage-family-interpro-v4,-,5.8e-194,651.6,0.0,6.5e-194,651.5,0.0,1.0,1,0,0,1,1,1,1,-
YP_009275473.1,-,phage-family-interpro-v4,-,6.5e-194,651.5,0.0,7.9e-194,651.2,0.0,1.0,1,0,0,1,1,1,1,-
YP_009777851.1,-,phage-family-interpro-v4,-,8.2e-194,651.1,0.5,1e-193,650.8,0.5,1.0,1,0,0,1,1,1,1,-
YP_002875649.1,-,phage-family-interpro-v4,-,1e-193,650.8,0.0,1.3e-193,650.5,0.0,1.0,1,0,0,1,1,1,1,-
YP_009808019.1,-,phage-family-interpro-v4,-,1.3e-193,650.5,0.0,1.6e-193,650.2,0.0,1.0,1,0,0,1,1,1,1,-
YP_009808099.1,-,phage-family-interpro-v4,-,4.4e-193,648.7,0.0,5.5e-193,648.4,0.0,1.0,1,0,0,1,1,1,1,-
YP_009948733.1,-,phage-family-interpro-v4,-,9e-193,647.7,0.0,1.1e-192,647.4,0.0,1.0,1,0,0,1,1,1,1,-
YP_002922649.1,-,phage-family-interpro-v4,-,6.4e-192,644.9,0.0,7.2e-192,644.7,0.0,1.0,1,0,0,1,1,1,1,-
YP_008853866.1,-,phage-family-interpro-v4,-,1.1e-190,640.7,0.0,1.3e-190,640.6,0.0,1.0,1,0,0,1,1,1,1,-
YP_005098186.1,-,phage-family-interpro-v4,-,1.4e-190,640.5,0.0,1.5e-190,640.3,0.0,1.0,1,0,0,1,1,1,1,-
YP_009622558.1,-,phage-family-interpro-v4,-,2.4e-188,633.0,0.0,2.7e-188,632.8,0.0,1.0,1,0,0,1,1,1,1,-
YP_009220226.1,-,phage-family-interpro-v4,-,5.4e-186,625.3,0.0,6e-186,625.1,0.0,1.0,1,0,0,1,1,1,1,-
YP_007006595.1,-,phage-family-interpro-v4,-,3.3e-185,622.6,0.0,3.7e-185,622.5,0.0,1.0,1,0,0,1,1,1,1,-
YP_009790002.1,-,phage-family-interpro-v4,-,6.2e-185,621.7,4.3,2.4e-184,619.8,4.3,1.7,1,1,0,1,1,1,1,-
YP_009819254.1,-,phage-family-interpro-v4,-,1.4e-184,620.6,0.5,1.7e-184,620.3,0.5,1.0,1,0,0,1,1,1,1,-
YP_009791105.1,-,phage-family-interpro-v4,-,1.4e-184,620.5,2.8,5e-184,618.8,2.8,1.7,1,1,0,1,1,1,1,-
YP_009785066.1,-,phage-family-interpro-v4,-,1.7e-184,620.3,0.0,2.1e-184,620.0,0.0,1.0,1,0,0,1,1,1,1,-
YP_009147861.1,-,phage-family-interpro-v4,-,1.2e-182,614.1,0.0,1.5e-182,613.8,0.0,1.0,1,0,0,1,1,1,1,-
YP_009150301.1,-,phage-family-interpro-v4,-,7.1e-182,611.6,0.0,8.6e-182,611.3,0.0,1.0,1,0,0,1,1,1,1,-
YP_009790903.1,-,phage-family-interpro-v4,-,1.7e-181,610.4,0.0,1.9e-181,610.2,0.0,1.0,1,0,0,1,1,1,1,-
YP_009777814.1,-,phage-family-interpro-v4,-,1.9e-180,606.9,0.0,2.1e-180,606.8,0.0,1.0,1,0,0,1,1,1,1,-
YP_009799006.1,-,phage-family-interpro-v4,-,7.5e-178,598.3,0.0,8.4e-178,598.1,0.0,1.0,1,0,0,1,1,1,1,-
YP_007517771.1,-,phage-family-interpro-v4,-,7.8e-178,598.2,13.1,1e-177,597.9,13.1,1.0,1,0,0,1,1,1,1,-
YP_009103122.1,-,phage-family-interpro-v4,-,2.1e-177,596.8,0.0,2.3e-177,596.7,0.0,1.0,1,0,0,1,1,1,1,-
YP_009324481.1,-,phage-family-interpro-v4,-,6.8e-177,595.1,0.0,8.3e-177,594.8,0.0,1.0,1,0,0,1,1,1,1,-
YP_009818400.1,-,phage-family-interpro-v4,-,2.4e-176,593.3,0.0,2.7e-176,593.1,0.0,1.0,1,0,0,1,1,1,1,-
YP_009173795.1,-,phage-family-interpro-v4,-,5.9e-174,585.4,0.0,6.6e-174,585.2,0.0,1.0,1,0,0,1,1,1,1,-
YP_009788675.1,-,phage-family-interpro-v4,-,6.7e-172,578.6,0.0,7.5e-172,578.4,0.0,1.0,1,0,0,1,1,1,1,-
YP_009203181.1,-,phage-family-interpro-v4,-,8.8e-172,578.2,0.0,9.9e-172,578.0,0.0,1.0,1,0,0,1,1,1,1,-
YP_003345489.1,-,phage-family-interpro-v4,-,1.9e-170,573.8,0.0,2.1e-170,573.6,0.0,1.0,1,0,0,1,1,1,1,-
YP_009799356.1,-,phage-family-interpro-v4,-,2.8e-170,573.2,0.0,3.4e-170,572.9,0.0,1.0,1,0,0,1,1,1,1,-
YP_001285702.1,-,phage-family-interpro-v4,-,9.1e-169,568.2,0.0,1.3e-168,567.7,0.0,1.3,1,0,0,1,1,1,1,-
YP_007676852.1,-,phage-family-interpro-v4,-,1.1e-168,567.9,0.0,1.3e-168,567.7,0.0,1.0,1,0,0,1,1,1,1,-
YP_009784191.1,-,phage-family-interpro-v4,-,3e-168,566.5,0.0,3.3e-168,566.4,0.0,1.0,1,0,0,1,1,1,1,-
YP_009006523.1,-,phage-family-interpro-v4,-,3.7e-167,562.9,0.0,4.1e-167,562.7,0.0,1.0,1,0,0,1,1,1,1,-
NP_858979.1,-,phage-family-interpro-v4,-,8.2e-167,561.8,0.0,1.1e-166,561.3,0.0,1.2,1,0,0,1,1,1,1,-
YP_009792981.1,-,phage-family-interpro-v4,-,2.2e-166,560.3,0.0,2.5e-166,560.2,0.0,1.0,1,0,0,1,1,1,1,-
YP_007676468.1,-,phage-family-interpro-v4,-,2.6e-166,560.1,0.0,3.1e-166,559.8,0.0,1.0,1,0,0,1,1,1,1,-
YP_009793050.1,-,phage-family-interpro-v4,-,2.8e-165,556.7,0.0,3.2e-165,556.5,0.0,1.0,1,0,0,1,1,1,1,-
YP_453591.1,-,phage-family-interpro-v4,-,2.9e-165,556.6,0.0,4.4e-165,556.0,0.0,1.2,1,0,0,1,1,1,1,-
YP_009800364.1,-,phage-family-interpro-v4,-,3.5e-165,556.4,0.0,3.9e-165,556.2,0.0,1.0,1,0,0,1,1,1,1,-
YP_009286807.1,-,phage-family-interpro-v4,-,4.7e-165,555.9,0.0,5.2e-165,555.8,0.0,1.0,1,0,0,1,1,1,1,-
YP_009203042.1,-,phage-family-interpro-v4,-,7.7e-165,555.2,0.0,8.6e-165,555.1,0.0,1.0,1,0,0,1,1,1,1,-
YP_008853919.1,-,phage-family-interpro-v4,-,1e-163,551.5,0.0,1.2e-163,551.3,0.0,1.0,1,0,0,1,1,1,1,-
YP_001522878.1,-,phage-family-interpro-v4,-,1.6e-163,550.9,0.0,1.8e-163,550.7,0.0,1.0,1,0,0,1,1,1,1,-
YP_009820975.1,-,phage-family-interpro-v4,-,2.1e-163,550.5,0.1,2.5e-163,550.2,0.1,1.0,1,0,0,1,1,1,1,-
YP_009777787.1,-,phage-family-interpro-v4,-,4.7e-163,549.3,0.5,6.2e-163,548.9,0.5,1.0,1,0,0,1,1,1,1,-
YP_007673180.1,-,phage-family-interpro-v4,-,4.7e-163,549.3,0.0,5.6e-163,549.1,0.0,1.0,1,0,0,1,1,1,1,-
YP_007676356.1,-,phage-family-interpro-v4,-,4.7e-163,549.3,0.0,5.6e-163,549.1,0.0,1.0,1,0,0,1,1,1,1,-
YP_009599268.1,-,phage-family-interpro-v4,-,9.9e-163,548.2,0.0,1.1e-162,548.1,0.0,1.0,1,0,0,1,1,1,1,-
YP_009610366.1,-,phage-family-interpro-v4,-,1.1e-162,548.1,0.0,1.2e-162,548.0,0.0,1.0,1,0,0,1,1,1,1,-
YP_009604616.1,-,phage-family-interpro-v4,-,1.1e-162,548.0,0.0,1.3e-162,547.9,0.0,1.0,1,0,0,1,1,1,1,-
YP_214191.1,-,phage-family-interpro-v4,-,2.7e-162,546.8,0.4,3.2e-162,546.5,0.4,1.0,1,0,0,1,1,1,1,-
YP_009610318.1,-,phage-family-interpro-v4,-,2.9e-162,546.7,0.0,3.2e-162,546.5,0.0,1.0,1,0,0,1,1,1,1,-
YP_007007815.1,-,phage-family-interpro-v4,-,3.4e-162,546.5,0.0,3.8e-162,546.3,0.0,1.0,1,0,0,1,1,1,1,-
YP_009788937.1,-,phage-family-interpro-v4,-,4.3e-162,546.1,0.0,5.1e-162,545.9,0.0,1.0,1,0,0,1,1,1,1,-
YP_009103174.1,-,phage-family-interpro-v4,-,9.3e-162,545.0,0.0,1.1e-161,544.7,0.0,1.0,1,0,0,1,1,1,1,-
YP_007236340.2,-,phage-family-interpro-v4,-,9.9e-162,544.9,0.0,1.2e-161,544.7,0.0,1.0,1,0,0,1,1,1,1,-
YP_009822245.1,-,phage-family-interpro-v4,-,2.6e-161,543.6,0.0,2.9e-161,543.4,0.0,1.0,1,0,0,1,1,1,1,-
YP_008060148.1,-,phage-family-interpro-v4,-,2.7e-161,543.5,0.0,3e-161,543.3,0.0,1.0,1,0,0,1,1,1,1,-
YP_009785725.1,-,phage-family-interpro-v4,-,3.2e-161,543.3,0.0,3.5e-161,543.1,0.0,1.0,1,0,0,1,1,1,1,-
YP_009610470.1,-,phage-family-interpro-v4,-,4.2e-161,542.9,0.0,4.7e-161,542.7,0.0,1.0,1,0,0,1,1,1,1,-
YP_009598230.1,-,phage-family-interpro-v4,-,6e-161,542.3,0.0,6.7e-161,542.2,0.0,1.0,1,0,0,1,1,1,1,-
YP_009223403.1,-,phage-family-interpro-v4,-,6e-161,542.3,0.0,6.7e-161,542.2,0.0,1.0,1,0,0,1,1,1,1,-
YP_009189843.1,-,phage-family-interpro-v4,-,6.4e-161,542.3,0.0,7.1e-161,542.1,0.0,1.0,1,0,0,1,1,1,1,-
YP_009189367.1,-,phage-family-interpro-v4,-,1.5e-160,541.1,0.0,1.6e-160,540.9,0.0,1.0,1,0,0,1,1,1,1,-
YP_009787328.1,-,phage-family-interpro-v4,-,1.5e-160,541.0,0.0,1.8e-160,540.8,0.0,1.0,1,0,0,1,1,1,1,-
YP_009599216.1,-,phage-family-interpro-v4,-,1.5e-160,541.0,0.0,1.7e-160,540.8,0.0,1.0,1,0,0,1,1,1,1,-
YP_008058226.1,-,phage-family-interpro-v4,-,1.7e-160,540.8,0.0,1.9e-160,540.6,0.0,1.0,1,0,0,1,1,1,1,-
YP_009949095.1,-,phage-family-interpro-v4,-,3.1e-160,540.0,0.0,3.4e-160,539.8,0.0,1.0,1,0,0,1,1,1,1,-
YP_009190507.1,-,phage-family-interpro-v4,-,3.4e-160,539.9,0.0,3.8e-160,539.7,0.0,1.0,1,0,0,1,1,1,1,-
YP_009216528.1,-,phage-family-interpro-v4,-,3.4e-160,539.8,0.0,3.9e-160,539.7,0.0,1.0,1,0,0,1,1,1,1,-
YP_009813425.1,-,phage-family-interpro-v4,-,3.8e-160,539.7,0.0,4.3e-160,539.5,0.0,1.0,1,0,0,1,1,1,1,-
YP_009814047.1,-,phage-family-interpro-v4,-,4.8e-160,539.3,0.0,5.4e-160,539.2,0.0,1.0,1,0,0,1,1,1,1,-
YP_009818746.1,-,phage-family-interpro-v4,-,6.3e-160,539.0,0.0,7.1e-160,538.8,0.0,1.0,1,0,0,1,1,1,1,-
YP_007348349.1,-,phage-family-interpro-v4,-,6.4e-160,538.9,0.0,7.2e-160,538.8,0.0,1.0,1,0,0,1,1,1,1,-
YP_009103243.1,-,phage-family-interpro-v4,-,7.9e-160,538.6,0.0,8.9e-160,538.5,0.0,1.0,1,0,0,1,1,1,1,-
YP_009816851.1,-,phage-family-interpro-v4,-,8e-160,538.6,0.0,9.5e-160,538.4,0.0,1.0,1,0,0,1,1,1,1,-
YP_009103781.1,-,phage-family-interpro-v4,-,1.3e-159,537.9,0.0,1.6e-159,537.6,0.0,1.0,1,0,0,1,1,1,1,-
YP_009624654.1,-,phage-family-interpro-v4,-,1.8e-159,537.5,0.0,2e-159,537.3,0.0,1.0,1,0,0,1,1,1,1,-
YP_009610523.1,-,phage-family-interpro-v4,-,3.3e-159,536.6,0.0,3.7e-159,536.4,0.0,1.0,1,0,0,1,1,1,1,-
YP_009811054.1,-,phage-family-interpro-v4,-,3.6e-159,536.5,4.5,4.6e-159,536.1,4.5,1.0,1,0,0,1,1,1,1,-
YP_009778061.1,-,phage-family-interpro-v4,-,4.4e-159,536.2,0.1,5.2e-159,535.9,0.1,1.0,1,0,0,1,1,1,1,-
YP_009949046.1,-,phage-family-interpro-v4,-,1.4e-158,534.5,0.0,1.6e-158,534.4,0.0,1.0,1,0,0,1,1,1,1,-
YP_009288658.1,-,phage-family-interpro-v4,-,1.8e-158,534.2,0.0,2e-158,534.0,0.0,1.0,1,0,0,1,1,1,1,-
YP_009822227.1,-,phage-family-interpro-v4,-,2e-158,534.0,0.0,2.5e-158,533.6,0.0,1.0,1,0,0,1,1,1,1,-
YP_009818137.1,-,phage-family-interpro-v4,-,4.6e-158,532.8,0.0,5.2e-158,532.6,0.0,1.0,1,0,0,1,1,1,1,-
YP_007672679.1,-,phage-family-interpro-v4,-,1.6e-157,531.0,0.1,1.9e-157,530.8,0.1,1.0,1,0,0,1,1,1,1,-
YP_005087397.1,-,phage-family-interpro-v4,-,3e-157,530.1,0.1,3.6e-157,529.8,0.1,1.0,1,0,0,1,1,1,1,-
YP_009810999.1,-,phage-family-interpro-v4,-,3.8e-157,529.8,7.3,4.7e-157,529.5,7.3,1.0,1,0,0,1,1,1,1,-
YP_009801228.1,-,phage-family-interpro-v4,-,4.5e-157,529.5,0.0,5e-157,529.4,0.0,1.0,1,0,0,1,1,1,1,-
YP_009807508.1,-,phage-family-interpro-v4,-,5e-156,526.1,0.0,5.6e-156,525.9,0.0,1.0,1,0,0,1,1,1,1,-
YP_009817226.1,-,phage-family-interpro-v4,-,6.9e-156,525.6,0.0,7.7e-156,525.4,0.0,1.0,1,0,0,1,1,1,1,-
YP_009808007.1,-,phage-family-interpro-v4,-,1e-155,525.0,0.0,1.2e-155,524.8,0.0,1.0,1,0,0,1,1,1,1,-
YP_009275060.1,-,phage-family-interpro-v4,-,1.1e-155,524.9,0.0,1.3e-155,524.7,0.0,1.0,1,0,0,1,1,1,1,-
YP_009817170.1,-,phage-family-interpro-v4,-,7.2e-155,522.2,0.0,8e-155,522.1,0.0,1.0,1,0,0,1,1,1,1,-
YP_009817364.1,-,phage-family-interpro-v4,-,9e-155,521.9,0.0,1e-154,521.7,0.0,1.0,1,0,0,1,1,1,1,-
YP_009289636.1,-,phage-family-interpro-v4,-,1.3e-154,521.3,0.0,1.5e-154,521.2,0.0,1.0,1,0,0,1,1,1,1,-
YP_009591954.1,-,phage-family-interpro-v4,-,2.1e-154,520.7,0.0,2.4e-154,520.5,0.0,1.0,1,0,0,1,1,1,1,-
YP_009812115.1,-,phage-family-interpro-v4,-,4e-154,519.7,0.0,4.5e-154,519.6,0.0,1.0,1,0,0,1,1,1,1,-
YP_009817119.1,-,phage-family-interpro-v4,-,5.9e-154,519.2,0.0,6.6e-154,519.0,0.0,1.0,1,0,0,1,1,1,1,-
YP_009224661.1,-,phage-family-interpro-v4,-,6.4e-154,519.1,0.0,7.2e-154,518.9,0.0,1.0,1,0,0,1,1,1,1,-
YP_009625550.1,-,phage-family-interpro-v4,-,6.4e-154,519.1,0.0,7.2e-154,518.9,0.0,1.0,1,0,0,1,1,1,1,-
YP_009817275.1,-,phage-family-interpro-v4,-,6.4e-154,519.1,0.0,7.2e-154,518.9,0.0,1.0,1,0,0,1,1,1,1,-
YP_009811845.1,-,phage-family-interpro-v4,-,2.3e-153,517.2,0.0,2.6e-153,517.1,0.0,1.0,1,0,0,1,1,1,1,-
YP_009101377.1,-,phage-family-interpro-v4,-,6.1e-153,515.8,0.0,6.9e-153,515.7,0.0,1.0,1,0,0,1,1,1,1,-
YP_009610420.1,-,phage-family-interpro-v4,-,8.7e-153,515.3,0.0,1e-152,515.1,0.0,1.0,1,0,0,1,1,1,1,-
YP_009811955.1,-,phage-family-interpro-v4,-,9.9e-153,515.1,0.0,1.1e-152,515.0,0.0,1.0,1,0,0,1,1,1,1,-
YP_005087365.1,-,phage-family-interpro-v4,-,2.8e-150,507.0,0.3,3.4e-150,506.7,0.3,1.0,1,0,0,1,1,1,1,-
YP_009807953.1,-,phage-family-interpro-v4,-,6.3e-149,502.6,1.1,8e-149,502.2,1.1,1.0,1,0,0,1,1,1,1,-
YP_009821633.1,-,phage-family-interpro-v4,-,1.2e-147,498.4,0.0,1.3e-147,498.2,0.0,1.0,1,0,0,1,1,1,1,-
YP_004539106.1,-,phage-family-interpro-v4,-,2.1e-143,484.3,0.0,2.3e-143,484.1,0.0,1.0,1,0,0,1,1,1,1,-
YP_009021742.2,-,phage-family-interpro-v4,-,3.4e-143,483.6,1.6,1.5e-137,464.9,0.1,2.6,1,1,1,2,2,2,2,-
YP_009807906.1,-,phage-family-interpro-v4,-,4.4e-141,476.6,7.9,5.3e-141,476.3,7.9,1.0,1,0,0,1,1,1,1,-
YP_009795460.1,-,phage-family-interpro-v4,-,1.9e-138,467.8,0.0,1.3e-135,458.5,0.0,2.0,1,1,1,2,2,2,2,-
YP_009807917.1,-,phage-family-interpro-v4,-,4.9e-133,449.9,0.3,6e-133,449.7,0.3,1.0,1,0,0,1,1,1,1,-
YP_010105349.1,-,phage-family-interpro-v4,-,2e-121,411.5,1.3,5.1e-121,410.2,1.3,1.7,1,1,0,1,1,1,1,-
YP_009783874.1,-,phage-family-interpro-v4,-,8.4e-113,383.0,0.0,1e-112,382.7,0.0,1.0,1,0,0,1,1,1,1,-
YP_007878127.1,-,phage-family-interpro-v4,-,9e-113,382.9,2.1,1.2e-112,382.5,2.1,1.1,1,0,0,1,1,1,1,-
YP_009042142.1,-,phage-family-interpro-v4,-,2.5e-112,381.4,4.6,2.8e-112,381.2,4.6,1.0,1,0,0,1,1,1,1,-
YP_009777920.1,-,phage-family-interpro-v4,-,5e-104,353.9,0.0,5.8e-104,353.7,0.0,1.0,1,0,0,1,1,1,1,-
YP_009816197.1,-,phage-family-interpro-v4,-,1.9e-103,352.0,0.0,2.2e-103,351.8,0.0,1.0,1,0,0,1,1,1,1,-
YP_009785662.1,-,phage-family-interpro-v4,-,7.5e-102,346.7,0.0,9.1e-102,346.4,0.0,1.0,1,0,0,1,1,1,1,-
YP_006489261.1,-,phage-family-interpro-v4,-,3.8e-101,344.4,4.4,1.2e-100,342.8,4.4,1.8,1,1,0,1,1,1,1,-
YP_007673410.1,-,phage-family-interpro-v4,-,5.1e-99,337.3,2.9,7e-99,336.9,2.9,1.1,1,0,0,1,1,1,1,-
YP_009783873.1,-,phage-family-interpro-v4,-,1.3e-96,329.4,1.6,1e-95,326.4,1.6,1.9,1,1,0,1,1,1,1,-
YP_009777618.1,-,phage-family-interpro-v4,-,2.1e-93,318.8,0.0,2.6e-93,318.4,0.0,1.0,1,0,0,1,1,1,1,-
YP_009777978.1,-,phage-family-interpro-v4,-,1.2e-92,316.2,0.0,1.4e-92,316.0,0.0,1.0,1,0,0,1,1,1,1,-
YP_009777926.1,-,phage-family-interpro-v4,-,6.3e-87,297.3,0.0,1.5e-76,263.0,0.0,2.0,2,0,0,2,2,2,2,-
YP_009790877.1,-,phage-family-interpro-v4,-,2.3e-81,278.9,2.2,1.4e-75,259.7,0.2,2.0,1,1,1,2,2,2,2,-
YP_009799228.1,-,phage-family-interpro-v4,-,4.9e-74,254.6,0.1,5.8e-74,254.4,0.1,1.0,1,0,0,1,1,1,1,-
YP_009324482.1,-,phage-family-interpro-v4,-,6.1e-69,237.8,0.0,7.1e-69,237.6,0.0,1.0,1,0,0,1,1,1,1,-
YP_009784166.1,-,phage-family-interpro-v4,-,4.1e-68,235.0,0.3,2.5e-65,225.8,0.3,2.9,1,1,0,1,1,1,1,-
YP_950494.1,-,phage-family-interpro-v4,-,6.1e-63,217.9,0.0,1.9e-60,209.7,0.0,2.1,1,1,0,1,1,1,1,-
YP_009807963.1,-,phage-family-interpro-v4,-,5.8e-61,211.4,0.1,7.3e-61,211.0,0.1,1.1,1,0,0,1,1,1,1,-
YP_009837466.1,-,phage-family-interpro-v4,-,3.5e-55,192.2,0.1,6.5e-53,184.7,0.1,2.7,1,1,0,1,1,1,1,-
YP_009797843.1,-,phage-family-interpro-v4,-,3.4e-52,182.3,0.0,3.8e-52,182.2,0.0,1.0,1,0,0,1,1,1,1,-
YP_010079305.1,-,phage-family-interpro-v4,-,6.8e-51,178.0,0.4,2.3e-40,143.2,0.1,3.0,2,1,0,2,2,2,2,-
YP_010079388.1,-,phage-family-interpro-v4,-,7.6e-51,177.9,0.6,3e-40,142.8,0.2,3.0,2,1,0,2,2,2,2,-
YP_009056147.1,-,phage-family-interpro-v4,-,6.5e-50,174.8,1.4,1.6e-35,127.2,0.1,2.1,1,1,1,2,2,2,2,-
YP_004782143.1,-,phage-family-interpro-v4,-,1.2e-49,173.9,0.8,1.8e-47,166.7,0.8,2.1,1,1,0,1,1,1,1,-
YP_009055523.1,-,phage-family-interpro-v4,-,1.7e-48,170.1,1.1,5.1e-34,122.2,0.1,2.1,1,1,1,2,2,2,2,-
YP_010079265.1,-,phage-family-interpro-v4,-,3.3e-48,169.2,0.5,6.5e-39,138.4,0.1,3.0,2,1,0,2,2,2,2,-
YP_006990664.1,-,phage-family-interpro-v4,-,9.6e-48,167.6,0.0,1.5e-45,160.4,0.0,2.1,1,1,0,1,1,1,1,-
YP_009884338.1,-,phage-family-interpro-v4,-,1.5e-47,167.0,1.7,8.7e-37,131.3,0.0,2.2,1,1,1,2,2,2,2,-
YP_006908788.1,-,phage-family-interpro-v4,-,2.7e-47,166.1,0.0,4.3e-45,158.8,0.0,2.2,1,1,0,1,1,1,1,-
YP_009032041.1,-,phage-family-interpro-v4,-,2.7e-47,166.1,0.0,4.3e-45,158.8,0.0,2.2,1,1,0,1,1,1,1,-
YP_009598291.1,-,phage-family-interpro-v4,-,3.4e-47,165.8,0.0,5.2e-45,158.6,0.0,2.2,1,1,0,1,1,1,1,-
YP_009785665.1,-,phage-family-interpro-v4,-,1.6e-45,160.3,0.0,1.9e-45,160.0,0.0,1.0,1,0,0,1,1,1,1,-
YP_009816200.1,-,phage-family-interpro-v4,-,1.6e-45,160.3,0.0,1.9e-45,160.0,0.0,1.0,1,0,0,1,1,1,1,-
YP_010107091.1,-,phage-family-interpro-v4,-,1.8e-44,156.8,2.8,7e-42,148.2,2.8,2.9,1,1,0,1,1,1,1,-
YP_009007397.1,-,phage-family-interpro-v4,-,1.9e-43,153.4,0.3,5.2e-35,125.5,0.0,2.8,2,1,1,3,3,3,2,-
YP_009286153.1,-,phage-family-interpro-v4,-,6.1e-43,151.7,0.5,3.2e-34,122.8,0.4,3.0,2,1,0,2,2,2,2,-
YP_009889614.1,-,phage-family-interpro-v4,-,1.1e-42,150.9,1.8,1.3e-39,140.7,1.8,2.8,1,1,0,1,1,1,1,-
YP_009837795.1,-,phage-family-interpro-v4,-,1.3e-42,150.6,3.3,2.4e-34,123.3,0.4,3.0,2,1,0,2,2,2,2,-
YP_009883650.1,-,phage-family-interpro-v4,-,8.9e-42,147.9,0.8,7.8e-34,121.6,0.4,3.0,2,1,0,2,2,2,2,-
YP_010078986.1,-,phage-family-interpro-v4,-,1.1e-41,147.5,1.6,6.6e-32,115.2,0.2,3.0,2,1,0,2,2,2,2,-
YP_010079067.1,-,phage-family-interpro-v4,-,3.2e-41,146.0,1.7,1.7e-31,113.8,0.2,3.0,2,1,0,2,2,2,2,-
YP_010079148.1,-,phage-family-interpro-v4,-,3.3e-41,146.0,2.1,1.4e-31,114.1,0.3,3.0,2,1,0,2,2,2,2,-
YP_009208669.1,-,phage-family-interpro-v4,-,3.8e-41,145.8,1.9,1.9e-31,113.7,0.2,3.0,2,1,0,2,2,2,2,-
YP_007003133.1,-,phage-family-interpro-v4,-,3.6e-40,142.6,2.2,8.1e-26,95.0,0.0,3.4,3,1,0,3,3,3,3,-
YP_008239426.1,-,phage-family-interpro-v4,-,9.9e-40,141.1,2.6,1e-30,111.3,0.1,3.0,1,1,1,2,2,2,2,-
YP_008240156.1,-,phage-family-interpro-v4,-,1.6e-39,140.4,1.7,4.2e-31,112.5,0.2,3.0,2,1,0,2,2,2,2,-
YP_009007589.1,-,phage-family-interpro-v4,-,2e-39,140.1,0.2,1.6e-31,113.9,0.0,3.0,2,1,0,2,2,2,2,-
YP_009152120.1,-,phage-family-interpro-v4,-,2.9e-39,139.6,3.5,6.4e-32,115.2,0.3,3.0,2,1,0,2,2,2,2,-
YP_009882985.1,-,phage-family-interpro-v4,-,1.1e-38,137.6,1.3,3.6e-31,112.7,0.1,2.6,2,1,1,3,3,2,2,-
YP_009879965.1,-,phage-family-interpro-v4,-,1.2e-38,137.5,0.0,4.4e-25,92.6,0.0,3.0,3,0,0,3,3,3,3,-
YP_009880069.1,-,phage-family-interpro-v4,-,3.2e-38,136.1,0.0,7.4e-30,108.4,0.0,3.0,2,1,0,2,2,2,2,-
YP_009881999.1,-,phage-family-interpro-v4,-,7.1e-38,135.0,3.2,2.7e-26,96.6,0.0,3.0,2,1,1,3,3,3,3,-
YP_009876197.1,-,phage-family-interpro-v4,-,1.2e-37,134.2,1.5,1.7e-29,107.2,0.3,3.0,2,1,0,2,2,2,2,-
YP_009874314.1,-,phage-family-interpro-v4,-,1.3e-37,134.1,0.1,7.6e-36,128.2,0.1,2.7,1,1,0,1,1,1,1,-
YP_009876319.1,-,phage-family-interpro-v4,-,1.5e-37,133.9,0.1,9.2e-36,128.0,0.1,2.7,1,1,0,1,1,1,1,-
YP_008126775.1,-,phage-family-interpro-v4,-,1.5e-37,133.9,0.1,9.3e-36,127.9,0.1,2.8,1,1,0,1,1,1,1,-
YP_009008456.1,-,phage-family-interpro-v4,-,1.1e-36,131.0,0.5,5.9e-35,125.3,0.1,2.0,1,1,1,2,2,2,1,-
YP_007005767.1,-,phage-family-interpro-v4,-,1.7e-36,130.3,1.6,9.7e-29,104.7,0.2,3.2,3,1,0,3,3,3,2,-
YP_009785067.1,-,phage-family-interpro-v4,-,2.1e-36,130.1,0.1,2.4e-36,129.9,0.1,1.0,1,0,0,1,1,1,1,-
YP_009884205.1,-,phage-family-interpro-v4,-,2.9e-36,129.6,5.0,2.7e-26,96.6,0.0,3.0,2,1,1,3,3,3,3,-
YP_009148386.1,-,phage-family-interpro-v4,-,7.9e-35,124.9,3.1,4.5e-26,95.9,0.7,3.0,2,1,0,2,2,2,2,-
YP_010114843.1,-,phage-family-interpro-v4,-,9.3e-35,124.6,0.0,7.1e-26,95.2,0.1,3.0,2,1,1,3,3,3,2,-
YP_010563476.1,-,phage-family-interpro-v4,-,9.8e-35,124.5,0.1,7.3e-26,95.2,0.2,3.0,2,1,0,3,3,3,2,-
YP_009219013.1,-,phage-family-interpro-v4,-,4.3e-34,122.4,4.3,1.9e-25,93.8,0.0,3.0,2,1,1,3,3,3,2,-
YP_009832947.1,-,phage-family-interpro-v4,-,5e-34,122.2,0.1,4.5e-26,95.9,0.0,3.1,2,1,0,2,2,2,2,-
YP_003358304.1,-,phage-family-interpro-v4,-,1.3e-33,120.9,6.6,6.1e-26,95.5,0.1,3.0,2,1,1,3,3,3,2,-
YP_009832354.1,-,phage-family-interpro-v4,-,3.6e-33,119.4,0.3,6.7e-26,95.3,0.0,3.1,2,1,0,2,2,2,2,-
YP_009832255.1,-,phage-family-interpro-v4,-,3.9e-33,119.2,0.3,6.7e-26,95.3,0.0,3.1,2,1,0,2,2,2,2,-
YP_010115041.1,-,phage-family-interpro-v4,-,8.1e-33,118.2,5.2,7e-27,98.5,0.6,3.0,2,1,0,2,2,2,2,-
YP_009837932.1,-,phage-family-interpro-v4,-,1.2e-32,117.6,0.3,1.9e-25,93.8,0.0,3.1,2,1,0,2,2,2,2,-
YP_007674204.1,-,phage-family-interpro-v4,-,2.8e-30,109.8,0.1,4.7e-24,89.2,0.0,2.8,3,0,0,3,3,3,2,-
YP_007676509.1,-,phage-family-interpro-v4,-,2.8e-30,109.8,0.1,4.7e-24,89.2,0.0,2.8,3,0,0,3,3,3,2,-
YP_010105077.1,-,phage-family-interpro-v4,-,2.2e-29,106.8,0.1,2.6e-29,106.6,0.1,1.0,1,0,0,1,1,1,1,-
YP_010105171.1,-,phage-family-interpro-v4,-,3.3e-29,106.2,0.0,5.5e-24,89.0,0.1,2.1,2,0,0,2,2,2,2,-
YP_009807918.1,-,phage-family-interpro-v4,-,4.8e-29,105.7,0.5,5.7e-29,105.5,0.5,1.0,1,0,0,1,1,1,1,-
YP_009226179.1,-,phage-family-interpro-v4,-,6e-29,105.4,3.0,2.1e-22,83.7,0.0,2.9,3,0,0,3,3,3,2,-
YP_003358420.1,-,phage-family-interpro-v4,-,7e-29,105.2,3.9,1.5e-22,84.2,0.0,2.9,3,0,0,3,3,3,2,-
YP_009031799.1,-,phage-family-interpro-v4,-,7.3e-29,105.1,3.3,2.4e-22,83.6,0.0,2.9,3,0,0,3,3,3,2,-
YP_009598376.1,-,phage-family-interpro-v4,-,7.6e-29,105.0,3.3,2.1e-22,83.7,0.0,2.9,3,0,0,3,3,3,2,-
YP_009148203.1,-,phage-family-interpro-v4,-,8.7e-29,104.9,3.6,2.7e-22,83.4,0.0,2.9,3,0,0,3,3,3,2,-
YP_009286244.1,-,phage-family-interpro-v4,-,9.8e-29,104.7,3.5,2.7e-22,83.4,0.0,2.9,3,0,0,3,3,3,2,-
YP_009290557.1,-,phage-family-interpro-v4,-,1.8e-28,103.9,3.9,2.7e-22,83.4,0.0,2.9,3,0,0,3,3,3,2,-
YP_009206272.1,-,phage-family-interpro-v4,-,2e-28,103.7,3.9,2.7e-22,83.4,0.0,2.8,3,0,0,3,3,3,2,-
YP_009830536.1,-,phage-family-interpro-v4,-,1.3e-27,101.0,0.0,2.4e-17,67.0,0.0,2.8,2,1,0,2,2,2,2,-
YP_009004716.1,-,phage-family-interpro-v4,-,1.6e-25,94.1,0.1,1.6e-25,94.0,0.1,1.0,1,0,0,1,1,1,1,-
YP_001469012.1,-,phage-family-interpro-v4,-,9.7e-25,91.5,5.6,8.2e-24,88.4,0.5,2.1,2,0,0,2,2,2,1,-
YP_009042143.1,-,phage-family-interpro-v4,-,1.7e-24,90.6,0.6,2.2e-24,90.3,0.6,1.0,1,0,0,1,1,1,1,-
YP_009198536.1,-,phage-family-interpro-v4,-,2.1e-24,90.4,0.0,2.4e-24,90.2,0.0,1.0,1,0,0,1,1,1,1,-
YP_010089921.1,-,phage-family-interpro-v4,-,1.5e-23,87.6,0.0,1.7e-23,87.4,0.0,1.0,1,0,0,1,1,1,1,-
YP_007674237.1,-,phage-family-interpro-v4,-,2.6e-23,86.7,0.0,4e-23,86.1,0.0,1.2,1,0,0,1,1,1,1,-
YP_009855575.1,-,phage-family-interpro-v4,-,1.4e-22,84.4,0.6,4.8e-21,79.2,0.0,2.8,1,1,1,2,2,2,1,-
YP_009790661.1,-,phage-family-interpro-v4,-,1.6e-22,84.1,0.6,5.2e-21,79.1,0.1,2.8,1,1,1,2,2,2,1,-
YP_009810998.1,-,phage-family-interpro-v4,-,2.1e-22,83.7,7.3,2.5e-22,83.5,7.3,1.0,1,0,0,1,1,1,1,-
YP_009875580.1,-,phage-family-interpro-v4,-,2.4e-22,83.5,0.7,1.3e-10,44.7,0.6,3.4,3,1,0,3,3,3,2,-
YP_009804695.1,-,phage-family-interpro-v4,-,4.8e-22,82.5,0.3,1.4e-11,47.9,0.0,3.1,3,0,0,3,3,3,2,-
YP_009021778.1,-,phage-family-interpro-v4,-,9.1e-22,81.6,2.2,3.2e-16,63.3,0.1,3.2,2,2,1,3,3,3,2,-
YP_002899026.1,-,phage-family-interpro-v4,-,9.9e-22,81.5,0.9,5.4e-09,39.3,0.2,3.5,2,1,1,3,3,3,3,-
YP_009880422.1,-,phage-family-interpro-v4,-,9.9e-22,81.5,0.9,5.4e-09,39.3,0.2,3.5,2,1,1,3,3,3,3,-
YP_009788016.1,-,phage-family-interpro-v4,-,1.5e-21,80.9,2.1,5.4e-16,62.5,0.1,3.3,2,2,1,3,3,3,2,-
YP_009875494.1,-,phage-family-interpro-v4,-,1.1e-20,78.1,0.2,1.9e-10,44.2,0.1,3.5,2,1,0,2,2,2,2,-
YP_009830616.1,-,phage-family-interpro-v4,-,1.2e-20,77.9,0.1,4.5e-17,66.1,0.0,2.9,2,2,0,2,2,2,1,-
YP_009850471.1,-,phage-family-interpro-v4,-,1.3e-20,77.8,3.1,9.2e-19,71.7,0.0,3.1,1,1,1,2,2,2,1,-
YP_007675841.1,-,phage-family-interpro-v4,-,3e-20,76.6,0.7,3e-08,36.9,0.5,3.6,3,1,0,3,3,3,2,-
YP_009880503.1,-,phage-family-interpro-v4,-,3.4e-20,76.4,1.0,7.2e-09,38.9,0.1,3.6,3,1,0,3,3,3,3,-
YP_002898946.1,-,phage-family-interpro-v4,-,4.7e-20,75.9,2.2,1.9e-09,40.8,0.3,3.5,2,1,0,2,2,2,2,-
YP_009777788.1,-,phage-family-interpro-v4,-,5.9e-20,75.6,2.1,7.3e-20,75.3,2.1,1.0,1,0,0,1,1,1,1,-
YP_009811055.1,-,phage-family-interpro-v4,-,8.5e-20,75.1,5.5,9.9e-20,74.9,5.5,1.0,1,0,0,1,1,1,1,-
YP_009043746.1,-,phage-family-interpro-v4,-,1e-19,74.8,0.6,4.9e-09,39.5,0.1,3.6,3,1,0,3,3,3,2,-
YP_001595396.1,-,phage-family-interpro-v4,-,1.9e-19,74.0,0.0,9.1e-18,68.4,0.0,3.0,1,1,1,2,2,2,1,-
YP_007004651.1,-,phage-family-interpro-v4,-,4.2e-18,69.5,1.6,1.7e-16,64.2,1.8,3.0,1,1,1,2,2,1,1,-
YP_007004741.1,-,phage-family-interpro-v4,-,4.2e-18,69.5,1.6,1.7e-16,64.2,1.8,3.0,1,1,1,2,2,1,1,-
YP_009874008.1,-,phage-family-interpro-v4,-,1e-17,68.2,1.2,1.9e-07,34.2,0.4,3.7,3,1,0,3,3,3,2,-
YP_009859314.1,-,phage-family-interpro-v4,-,1.5e-17,67.7,1.6,6.8e-16,62.2,1.8,3.1,1,1,1,2,2,1,1,-
YP_010093434.1,-,phage-family-interpro-v4,-,2.3e-17,67.1,0.0,8.1e-12,48.7,0.0,2.3,2,0,0,2,2,2,2,-
YP_009802170.1,-,phage-family-interpro-v4,-,4.8e-17,66.0,2.0,8.4e-07,32.1,0.5,3.4,2,1,1,3,3,3,2,-
YP_009807961.1,-,phage-family-interpro-v4,-,6.8e-17,65.5,0.9,8e-17,65.3,0.9,1.0,1,0,0,1,1,1,1,-
YP_009830614.1,-,phage-family-interpro-v4,-,1.2e-16,64.6,1.4,2.9e-16,63.4,1.4,1.3,1,1,0,1,1,1,1,-
YP_009830534.1,-,phage-family-interpro-v4,-,1.3e-16,64.5,1.5,2e-16,63.9,1.5,1.3,1,1,0,1,1,1,1,-
YP_010093527.1,-,phage-family-interpro-v4,-,5.6e-16,62.5,0.0,2e-10,44.1,0.0,2.3,2,0,0,2,2,2,2,-
YP_009837262.1,-,phage-family-interpro-v4,-,6.5e-16,62.2,0.4,2.6e-09,40.4,0.0,2.7,3,0,0,3,3,2,2,-
YP_009790347.1,-,phage-family-interpro-v4,-,1e-15,61.6,0.0,1.5e-08,37.9,0.0,3.1,2,2,1,3,3,3,2,-
YP_009103367.1,-,phage-family-interpro-v4,-,1.5e-15,61.1,0.0,8.9e-07,32.0,0.0,3.9,3,1,1,4,4,4,2,-
YP_009884058.1,-,phage-family-interpro-v4,-,1.7e-15,60.9,3.5,2.3e-11,47.2,0.1,3.9,2,2,1,3,3,3,1,-
YP_009850979.1,-,phage-family-interpro-v4,-,4.2e-15,59.6,0.4,3e-13,53.4,0.1,3.3,1,1,1,2,2,1,1,-
YP_009884332.1,-,phage-family-interpro-v4,-,4.3e-15,59.5,1.0,4.6e-15,59.4,1.0,1.2,1,0,0,1,1,1,1,-
YP_010107078.1,-,phage-family-interpro-v4,-,5e-15,59.3,2.6,5e-15,59.3,2.6,2.0,1,1,0,1,1,1,1,-
YP_009152527.1,-,phage-family-interpro-v4,-,1e-14,58.3,2.0,1.1e-07,35.1,0.0,2.9,3,0,0,3,3,3,2,-
YP_007005764.1,-,phage-family-interpro-v4,-,2.6e-14,56.9,1.6,1.3e-13,54.6,1.6,1.9,1,1,0,1,1,1,1,-
YP_009008879.1,-,phage-family-interpro-v4,-,6.2e-14,55.7,0.0,7.8e-08,35.5,0.0,3.1,2,2,0,2,2,2,2,-
YP_009817751.1,-,phage-family-interpro-v4,-,6.2e-14,55.7,0.0,7.3e-14,55.5,0.0,1.0,1,0,0,1,1,1,1,-
YP_009817669.1,-,phage-family-interpro-v4,-,6.6e-14,55.6,0.0,7.6e-14,55.4,0.0,1.0,1,0,0,1,1,1,1,-
YP_009817424.1,-,phage-family-interpro-v4,-,9.1e-14,55.1,0.0,1.1e-13,54.9,0.0,1.0,1,0,0,1,1,1,1,-
YP_009817528.1,-,phage-family-interpro-v4,-,9.1e-14,55.1,0.0,1.1e-13,54.9,0.0,1.0,1,0,0,1,1,1,1,-
YP_009889616.1,-,phage-family-interpro-v4,-,9.4e-14,55.1,1.7,5.3e-13,52.6,1.6,1.9,1,1,0,1,1,1,1,-
YP_009007395.1,-,phage-family-interpro-v4,-,9.8e-14,55.0,1.7,2e-13,54.0,1.7,1.5,1,1,0,1,1,1,1,-
YP_009286151.1,-,phage-family-interpro-v4,-,1e-13,55.0,1.7,2e-13,54.0,1.7,1.4,1,1,0,1,1,1,1,-
YP_007003128.1,-,phage-family-interpro-v4,-,1.5e-13,54.5,0.1,1.7e-13,54.2,0.1,1.1,1,0,0,1,1,1,1,-
YP_009007586.1,-,phage-family-interpro-v4,-,6.3e-13,52.4,0.0,8.6e-13,51.9,0.0,1.2,1,0,0,1,1,1,1,-
YP_010079302.1,-,phage-family-interpro-v4,-,1.7e-12,50.9,1.8,3.6e-12,49.9,1.8,1.5,1,1,0,1,1,1,1,-
YP_010079385.1,-,phage-family-interpro-v4,-,1.7e-12,50.9,1.8,3.6e-12,49.9,1.8,1.5,1,1,0,1,1,1,1,-
YP_009148385.1,-,phage-family-interpro-v4,-,2.8e-12,50.2,2.7,7.1e-12,48.9,2.7,1.6,1,1,0,1,1,1,1,-
YP_950493.1,-,phage-family-interpro-v4,-,3.2e-12,50.0,1.1,1.1e-11,48.2,1.1,1.8,1,1,0,1,1,1,1,-
YP_009152117.1,-,phage-family-interpro-v4,-,5.4e-12,49.3,0.8,2.9e-11,46.8,0.6,2.0,1,1,0,1,1,1,1,-
YP_010079262.1,-,phage-family-interpro-v4,-,6.9e-12,48.9,1.1,2.7e-11,47.0,1.1,1.8,1,1,0,1,1,1,1,-
YP_009004715.1,-,phage-family-interpro-v4,-,7.2e-12,48.9,1.8,3e-11,46.8,1.8,1.8,1,1,0,1,1,1,1,-
YP_009208666.1,-,phage-family-interpro-v4,-,1e-11,48.3,1.1,1e-11,48.3,1.1,1.8,2,1,0,2,2,1,1,-
YP_010079064.1,-,phage-family-interpro-v4,-,1.1e-11,48.3,1.1,1.1e-11,48.3,1.1,1.7,2,1,0,2,2,1,1,-
YP_010079146.1,-,phage-family-interpro-v4,-,1.1e-11,48.3,1.1,1.1e-11,48.3,1.1,1.7,2,1,0,2,2,1,1,-
YP_010105321.1,-,phage-family-interpro-v4,-,2.2e-11,47.2,0.1,0.0067,19.2,0.0,3.6,4,0,0,4,4,3,3,-
YP_010078984.1,-,phage-family-interpro-v4,-,2.8e-11,46.9,1.3,2.8e-11,46.9,1.3,1.7,2,1,0,2,2,1,1,-
YP_009883647.1,-,phage-family-interpro-v4,-,5.3e-11,46.0,0.8,2.2e-10,43.9,0.8,1.8,1,1,0,1,1,1,1,-
YP_009043756.1,-,phage-family-interpro-v4,-,1.4e-10,44.6,0.4,1.5e-09,41.1,0.4,2.0,1,1,0,1,1,1,1,-
YP_010105075.1,-,phage-family-interpro-v4,-,1.5e-10,44.5,0.2,1.1e-05,28.4,0.0,2.0,2,0,0,2,2,2,2,-
YP_009884208.1,-,phage-family-interpro-v4,-,2.5e-10,43.7,0.9,5.7e-10,42.6,0.6,1.6,1,1,0,1,1,1,1,-
YP_008239422.1,-,phage-family-interpro-v4,-,2.8e-10,43.6,1.6,1.2e-09,41.5,1.1,2.0,1,1,0,1,1,1,1,-
YP_008240153.1,-,phage-family-interpro-v4,-,2.9e-10,43.6,1.6,1.8e-09,40.9,1.3,2.1,1,1,0,1,1,1,1,-
YP_009837463.1,-,phage-family-interpro-v4,-,3.2e-10,43.4,1.5,8.8e-10,42.0,1.5,1.6,1,1,0,1,1,1,1,-
YP_009875487.1,-,phage-family-interpro-v4,-,3.3e-10,43.3,0.8,3.8e-09,39.8,0.8,2.1,1,1,0,1,1,1,1,-
YP_009881996.1,-,phage-family-interpro-v4,-,3.8e-10,43.2,1.8,5.6e-10,42.6,0.8,1.8,1,1,0,1,1,1,1,-
YP_007675848.1,-,phage-family-interpro-v4,-,1.8e-09,40.9,0.3,1.7e-08,37.7,0.3,2.0,1,1,0,1,1,1,1,-
YP_009873998.1,-,phage-family-interpro-v4,-,2e-09,40.8,0.4,4.9e-08,36.2,0.4,2.0,1,1,0,1,1,1,1,-
YP_009837792.1,-,phage-family-interpro-v4,-,2.1e-09,40.7,1.2,1.5e-08,37.9,1.3,1.9,1,1,0,1,1,1,1,-
YP_009004718.1,-,phage-family-interpro-v4,-,2.4e-09,40.5,0.0,0.0023,20.7,0.0,2.1,2,0,0,2,2,2,2,-
YP_009807962.1,-,phage-family-interpro-v4,-,3.7e-09,39.9,0.0,4e-09,39.8,0.0,1.0,1,0,0,1,1,1,1,-
YP_010114841.1,-,phage-family-interpro-v4,-,5e-09,39.5,0.2,6.5e-09,39.1,0.2,1.1,1,0,0,1,1,1,1,-
YP_010563474.1,-,phage-family-interpro-v4,-,5e-09,39.5,0.2,6.5e-09,39.1,0.2,1.1,1,0,0,1,1,1,1,-
YP_010093436.1,-,phage-family-interpro-v4,-,5.1e-09,39.4,2.2,1.3e-08,38.0,2.2,1.8,1,1,0,1,1,1,1,-
YP_010093529.1,-,phage-family-interpro-v4,-,5.1e-09,39.4,2.2,1.3e-08,38.0,2.2,1.8,1,1,0,1,1,1,1,-
YP_009880493.1,-,phage-family-interpro-v4,-,5.2e-09,39.4,0.6,1.7e-08,37.7,0.6,1.8,1,1,0,1,1,1,1,-
YP_009880411.1,-,phage-family-interpro-v4,-,1.1e-08,38.3,0.4,8.3e-08,35.4,0.4,2.0,1,1,0,1,1,1,1,-
YP_002899016.1,-,phage-family-interpro-v4,-,1.4e-08,38.0,0.5,1.4e-07,34.7,0.5,2.0,1,1,0,1,1,1,1,-
YP_010115044.1,-,phage-family-interpro-v4,-,2.1e-08,37.4,1.2,1.3e-07,34.8,1.2,2.0,1,1,0,1,1,1,1,-
YP_009032043.1,-,phage-family-interpro-v4,-,2.6e-08,37.1,0.4,4.3e-08,36.4,0.4,1.4,1,0,0,1,1,1,1,-
YP_006990667.1,-,phage-family-interpro-v4,-,2.7e-08,37.0,2.1,4.6e-08,36.3,1.8,1.5,1,1,0,1,1,1,1,-
YP_010105176.1,-,phage-family-interpro-v4,-,3e-08,36.9,4.3,3.2e-07,33.5,4.3,2.3,1,1,0,1,1,1,1,-
YP_010089923.1,-,phage-family-interpro-v4,-,3.9e-08,36.5,0.0,8.8e-08,35.3,0.0,1.5,1,1,0,1,1,1,1,-
YP_006908786.1,-,phage-family-interpro-v4,-,6.3e-08,35.8,2.5,7.1e-08,35.6,1.8,1.5,1,1,0,1,1,1,1,-
YP_009056145.1,-,phage-family-interpro-v4,-,6.5e-08,35.8,2.4,1.2e-07,34.9,2.0,1.6,1,1,0,1,1,1,1,-
YP_009875569.1,-,phage-family-interpro-v4,-,1.1e-07,35.0,0.0,1.3e-06,31.5,0.0,2.0,1,1,0,1,1,1,1,-
YP_001469031.1,-,phage-family-interpro-v4,-,1.4e-07,34.6,0.2,1.4e-07,34.6,0.2,3.0,2,1,1,3,3,2,1,-
YP_009206276.1,-,phage-family-interpro-v4,-,2.7e-07,33.7,0.7,2.9e-05,27.0,0.1,2.1,1,1,0,2,2,2,1,-
YP_009008457.1,-,phage-family-interpro-v4,-,4e-07,33.2,0.0,4.2e-07,33.1,0.0,1.0,1,0,0,1,1,1,1,-
YP_009055521.1,-,phage-family-interpro-v4,-,4.5e-07,33.0,2.4,8.8e-07,32.0,2.3,1.6,1,1,0,1,1,1,1,-
YP_009198538.1,-,phage-family-interpro-v4,-,8.9e-07,32.0,0.7,1.8e-05,27.7,0.7,2.0,1,1,0,1,1,1,1,-
YP_009031795.1,-,phage-family-interpro-v4,-,9.4e-07,31.9,1.1,7.6e-05,25.6,1.1,2.1,1,1,0,1,1,1,1,-
YP_009832353.1,-,phage-family-interpro-v4,-,1.3e-06,31.4,0.1,2.7e-06,30.4,0.1,1.5,1,1,0,1,1,1,1,-
YP_009148199.1,-,phage-family-interpro-v4,-,1.4e-06,31.4,1.0,8.1e-05,25.5,1.0,2.1,1,1,0,1,1,1,1,-
YP_002898938.1,-,phage-family-interpro-v4,-,1.4e-06,31.3,0.3,9.2e-06,28.6,0.3,1.9,1,1,0,1,1,1,1,-
YP_009290553.1,-,phage-family-interpro-v4,-,1.5e-06,31.3,0.8,0.00015,24.6,0.1,2.1,1,1,0,2,2,2,1,-
YP_009286240.1,-,phage-family-interpro-v4,-,1.5e-06,31.2,1.1,9.3e-05,25.3,1.0,2.1,1,1,0,1,1,1,1,-
YP_003358416.1,-,phage-family-interpro-v4,-,1.5e-06,31.2,1.1,8.8e-05,25.4,1.1,2.1,1,1,0,1,1,1,1,-
YP_009152521.1,-,phage-family-interpro-v4,-,1.5e-06,31.2,1.1,8.8e-05,25.4,1.1,2.1,1,1,0,1,1,1,1,-
YP_009226181.1,-,phage-family-interpro-v4,-,1.7e-06,31.1,1.2,9.6e-05,25.3,1.2,2.1,1,1,0,1,1,1,1,-
YP_009598373.1,-,phage-family-interpro-v4,-,1.7e-06,31.1,1.2,9.6e-05,25.3,1.2,2.1,1,1,0,1,1,1,1,-
YP_010105079.1,-,phage-family-interpro-v4,-,2.1e-06,30.7,0.2,1.1e-05,28.4,0.2,2.0,1,1,0,1,1,1,1,-
YP_009598290.1,-,phage-family-interpro-v4,-,2.5e-06,30.5,2.9,3.6e-06,30.0,2.9,1.5,1,1,0,1,1,1,1,-
YP_009832949.1,-,phage-family-interpro-v4,-,3e-06,30.2,0.2,1.5e-05,28.0,0.2,2.0,1,1,0,1,1,1,1,-
YP_004782141.1,-,phage-family-interpro-v4,-,5.6e-06,29.4,2.0,1e-05,28.5,1.7,1.6,1,1,0,1,1,1,1,-
YP_009837933.1,-,phage-family-interpro-v4,-,6.3e-06,29.2,0.2,2.9e-05,27.0,0.1,2.0,1,1,0,1,1,1,1,-
YP_009876321.1,-,phage-family-interpro-v4,-,8.4e-06,28.8,7.0,0.0013,21.5,7.0,2.2,1,1,0,1,1,1,1,-
YP_008126773.1,-,phage-family-interpro-v4,-,8.4e-06,28.8,7.0,0.0013,21.5,7.0,2.2,1,1,0,1,1,1,1,-
YP_009874312.1,-,phage-family-interpro-v4,-,8.4e-06,28.8,7.0,0.0013,21.5,7.0,2.2,1,1,0,1,1,1,1,-
YP_009882982.1,-,phage-family-interpro-v4,-,1.1e-05,28.5,1.2,1.1e-05,28.5,1.2,2.1,1,1,1,2,2,2,1,-
YP_009198534.1,-,phage-family-interpro-v4,-,1.3e-05,28.2,7.6,0.00034,23.5,1.4,2.2,1,1,1,2,2,2,1,-
YP_009008454.1,-,phage-family-interpro-v4,-,1.4e-05,28.0,2.7,1.9e-05,27.6,2.7,1.5,1,1,0,1,1,1,1,-
YP_009832254.1,-,phage-family-interpro-v4,-,1.6e-05,27.9,0.2,4.4e-05,26.4,0.1,1.8,1,1,0,1,1,1,1,-
YP_009804690.1,-,phage-family-interpro-v4,-,1.7e-05,27.8,0.0,2.7e-05,27.1,0.0,1.3,1,0,0,1,1,1,1,-
YP_009152525.1,-,phage-family-interpro-v4,-,1.9e-05,27.6,0.1,2.3e-05,27.3,0.1,1.1,1,0,0,1,1,1,1,-
YP_010089919.1,-,phage-family-interpro-v4,-,0.00038,23.3,1.1,0.05,16.3,1.1,2.2,1,1,0,1,1,1,1,-
YP_007674232.1,-,phage-family-interpro-v4,-,0.00062,22.6,5.7,0.0017,21.1,0.2,2.8,2,1,1,3,3,3,1,-
YP_009837259.1,-,phage-family-interpro-v4,-,0.00062,22.6,0.3,0.002,20.9,0.1,1.7,1,1,0,2,2,1,1,-
